server(started, 1790679570).
/*Tue Sep 29 08:10:06 2026*/ request(1, 1790680206.103, [peer(ip(10,1,0,52)),method(post),request_uri('/sesion'),path('/sesion'),http_version(1-1),host(localhost),port(8083)]).
completed(1, 0.045632, 98, 200, ok).
/*Tue Sep 29 08:10:14 2026*/ request(2, 1790680214.366, [peer(ip(10,1,0,52)),method(post),request_uri('/mis-inscripciones'),path('/mis-inscripciones'),http_version(1-1),host(localhost),port(8083)]).
completed(2, 0.003069, 41, 409, ok).
/*Tue Sep 29 08:10:36 2026*/ request(3, 1790680236.586, [peer(ip(10,1,0,52)),method(post),request_uri('/mis-inscripciones'),path('/mis-inscripciones'),http_version(1-1),host(localhost),port(8083)]).
completed(3, 0.001076, 17, 200, ok).
/*Tue Sep 29 08:11:07 2026*/ request(4, 1790680267.562, [peer(ip(10,1,0,52)),method(get),request_uri('/materias/algebra/promedio'),path('/materias/algebra/promedio'),http_version(1-1),host(localhost),port(8083)]).
completed(4, 0.002450, 56, 200, ok).
/*Tue Sep 29 08:18:58 2026*/ request(5, 1790680738.763, [peer(ip(10,1,0,57)),method(post),request_uri('/sesion'),path('/sesion'),http_version(1-1),host(localhost),port(8083)]).
completed(5, 0.043591, 98, 200, ok).
/*Tue Sep 29 08:19:22 2026*/ request(6, 1790680762.356, [peer(ip(10,1,0,57)),method(post),request_uri('/mis-inscripciones'),path('/mis-inscripciones'),http_version(1-1),host(localhost),port(8083)]).
completed(6, 0.002238, 17, 200, ok).
/*Tue Sep 29 08:20:00 2026*/ request(7, 1790680800.124, [peer(ip(10,1,0,57)),method(get),request_uri('/materias'),path('/materias'),http_version(1-1),host(localhost),port(8083)]).
completed(7, 0.001401, 412, 200, ok).
/*Tue Sep 29 08:20:36 2026*/ request(8, 1790680836.204, [peer(ip(10,1,0,57)),method(get),request_uri('/materias'),path('/materias'),http_version(1-1),host(localhost),port(8083)]).
completed(8, 0.001850, 412, 200, ok).
/*Tue Sep 29 08:20:42 2026*/ request(9, 1790680842.716, [peer(ip(10,1,0,57)),method(get),request_uri('/materias'),path('/materias'),http_version(1-1),host(localhost),port(8083)]).
completed(9, 0.000940, 412, 200, ok).
/*Tue Sep 29 08:20:49 2026*/ request(10, 1790680849.992, [peer(ip(10,1,0,57)),method(get),request_uri('/materias/sistemas/promedio'),path('/materias/sistemas/promedio'),http_version(1-1),host(localhost),port(8083)]).
completed(10, 0.002823, 40, 200, ok).
/*Tue Sep 29 08:20:55 2026*/ request(11, 1790680855.842, [peer(ip(10,1,0,57)),method(get),request_uri('/ranking'),path('/ranking'),http_version(1-1),host(localhost),port(8083)]).
completed(11, 0.002023, 958, 200, ok).
/*Tue Sep 29 08:21:02 2026*/ request(12, 1790680862.288, [peer(ip(10,1,0,57)),method(get),request_uri('/ranking'),path('/ranking'),http_version(1-1),host(localhost),port(8083)]).
completed(12, 0.002027, 1017, 200, ok).
/*Tue Sep 29 08:21:27 2026*/ request(13, 1790680887.052, [peer(ip(10,1,0,57)),method(get),request_uri('/materias'),path('/materias'),http_version(1-1),host(localhost),port(8083)]).
completed(13, 0.001246, 412, 200, ok).
/*Tue Sep 29 08:30:15 2026*/ request(14, 1790681415.545, [peer(ip(10,1,0,12)),method(post),request_uri('/sesion'),path('/sesion'),http_version(1-1),host(localhost),port(8083)]).
completed(14, 0.049309, 98, 200, ok).
/*Tue Sep 29 08:30:25 2026*/ request(15, 1790681425.458, [peer(ip(10,1,0,12)),method(get),request_uri('/materias/sistemas/promedio'),path('/materias/sistemas/promedio'),http_version(1-1),host(localhost),port(8083)]).
completed(15, 0.001646, 41, 200, ok).
/*Tue Sep 29 08:30:35 2026*/ request(16, 1790681435.693, [peer(ip(10,1,0,12)),method(post),request_uri('/mis-inscripciones'),path('/mis-inscripciones'),http_version(1-1),host(localhost),port(8083)]).
completed(16, 0.002031, 17, 200, ok).
/*Tue Sep 29 08:30:40 2026*/ request(17, 1790681440.216, [peer(ip(10,1,0,12)),method(get),request_uri('/materias/fisica/promedio'),path('/materias/fisica/promedio'),http_version(1-1),host(localhost),port(8083)]).
completed(17, 0.002299, 51, 200, ok).
/*Tue Sep 29 08:31:15 2026*/ request(18, 1790681475.031, [peer(ip(10,1,0,12)),method(get),request_uri('/materias'),path('/materias'),http_version(1-1),host(localhost),port(8083)]).
completed(18, 0.003194, 412, 200, ok).
/*Tue Sep 29 08:48:17 2026*/ request(19, 1790682497.238, [peer(ip(10,1,0,14)),method(post),request_uri('/sesion'),path('/sesion'),http_version(1-1),host(localhost),port(8083)]).
completed(19, 0.043418, 98, 200, ok).
/*Tue Sep 29 08:48:30 2026*/ request(20, 1790682510.823, [peer(ip(10,1,0,14)),method(post),request_uri('/mis-inscripciones'),path('/mis-inscripciones'),http_version(1-1),host(localhost),port(8083)]).
completed(20, 0.000874, 17, 200, ok).
/*Tue Sep 29 08:48:44 2026*/ request(21, 1790682524.614, [peer(ip(10,1,0,14)),method(get),request_uri('/materias/algebra/promedio'),path('/materias/algebra/promedio'),http_version(1-1),host(localhost),port(8083)]).
completed(21, 0.001340, 51, 200, ok).
/*Tue Sep 29 08:48:50 2026*/ request(22, 1790682530.930, [peer(ip(10,1,0,14)),method(get),request_uri('/materias/sistemas/promedio'),path('/materias/sistemas/promedio'),http_version(1-1),host(localhost),port(8083)]).
completed(22, 0.002037, 53, 200, ok).
/*Tue Sep 29 08:49:15 2026*/ request(23, 1790682555.678, [peer(ip(10,1,0,14)),method(post),request_uri('/mis-inscripciones'),path('/mis-inscripciones'),http_version(1-1),host(localhost),port(8083)]).
completed(23, 0.001822, 17, 200, ok).
/*Tue Sep 29 08:49:30 2026*/ request(24, 1790682570.725, [peer(ip(10,1,0,14)),method(get),request_uri('/ranking'),path('/ranking'),http_version(1-1),host(localhost),port(8083)]).
completed(24, 0.002095, 995, 200, ok).
/*Tue Sep 29 08:50:04 2026*/ request(25, 1790682604.198, [peer(ip(10,1,0,14)),method(post),request_uri('/mis-inscripciones'),path('/mis-inscripciones'),http_version(1-1),host(localhost),port(8083)]).
completed(25, 0.001620, 17, 200, ok).
/*Tue Sep 29 08:50:39 2026*/ request(26, 1790682639.144, [peer(ip(10,1,0,14)),method(get),request_uri('/ranking'),path('/ranking'),http_version(1-1),host(localhost),port(8083)]).
completed(26, 0.003047, 1062, 200, ok).
/*Tue Sep 29 08:50:50 2026*/ request(27, 1790682650.337, [peer(ip(10,1,0,14)),method(get),request_uri('/materias'),path('/materias'),http_version(1-1),host(localhost),port(8083)]).
completed(27, 0.003249, 412, 200, ok).
/*Tue Sep 29 08:58:04 2026*/ request(28, 1790683084.821, [peer(ip(10,1,0,31)),method(post),request_uri('/sesion'),path('/sesion'),http_version(1-1),host(localhost),port(8083)]).
completed(28, 0.048780, 98, 200, ok).
/*Tue Sep 29 08:58:28 2026*/ request(29, 1790683108.988, [peer(ip(10,1,0,31)),method(post),request_uri('/mis-inscripciones'),path('/mis-inscripciones'),http_version(1-1),host(localhost),port(8083)]).
completed(29, 0.002076, 41, 409, ok).
/*Tue Sep 29 08:58:40 2026*/ request(30, 1790683120.130, [peer(ip(10,1,0,31)),method(get),request_uri('/materias/algebra/promedio'),path('/materias/algebra/promedio'),http_version(1-1),host(localhost),port(8083)]).
completed(30, 0.001013, 46, 200, ok).
/*Tue Sep 29 08:59:00 2026*/ request(31, 1790683140.486, [peer(ip(10,1,0,31)),method(get),request_uri('/materias'),path('/materias'),http_version(1-1),host(localhost),port(8083)]).
completed(31, 0.001401, 412, 200, ok).
/*Tue Sep 29 08:59:27 2026*/ request(32, 1790683167.606, [peer(ip(10,1,0,31)),method(post),request_uri('/mis-inscripciones'),path('/mis-inscripciones'),http_version(1-1),host(localhost),port(8083)]).
completed(32, 0.002913, 17, 200, ok).
/*Tue Sep 29 09:00:00 2026*/ request(33, 1790683200.128, [peer(ip(10,1,0,31)),method(get),request_uri('/alumnos/131'),path('/alumnos/131'),http_version(1-1),host(localhost),port(8083)]).
completed(33, 0.002789, 233, 200, ok).
/*Tue Sep 29 09:00:05 2026*/ request(34, 1790683205.298, [peer(ip(10,1,0,31)),method(get),request_uri('/alumnos/131'),path('/alumnos/131'),http_version(1-1),host(localhost),port(8083)]).
completed(34, 0.002603, 246, 200, ok).
/*Tue Sep 29 09:00:15 2026*/ request(35, 1790683215.516, [peer(ip(10,1,0,31)),method(get),request_uri('/alumnos/131'),path('/alumnos/131'),http_version(1-1),host(localhost),port(8083)]).
completed(35, 0.001236, 195, 200, ok).
/*Tue Sep 29 09:00:22 2026*/ request(36, 1790683222.652, [peer(ip(10,1,0,31)),method(get),request_uri('/alumnos/131'),path('/alumnos/131'),http_version(1-1),host(localhost),port(8083)]).
completed(36, 0.000861, 197, 200, ok).
/*Tue Sep 29 09:00:27 2026*/ request(37, 1790683227.461, [peer(ip(10,1,0,31)),method(get),request_uri('/materias'),path('/materias'),http_version(1-1),host(localhost),port(8083)]).
completed(37, 0.002475, 412, 200, ok).
/*Tue Sep 29 09:00:58 2026*/ request(38, 1790683258.816, [peer(ip(10,1,0,31)),method(get),request_uri('/materias/fisica/promedio'),path('/materias/fisica/promedio'),http_version(1-1),host(localhost),port(8083)]).
completed(38, 0.002582, 41, 200, ok).
/*Tue Sep 29 09:14:59 2026*/ request(39, 1790684099.091, [peer(ip(10,1,0,8)),method(post),request_uri('/sesion'),path('/sesion'),http_version(1-1),host(localhost),port(8083)]).
completed(39, 0.047337, 98, 200, ok).
/*Tue Sep 29 09:15:37 2026*/ request(40, 1790684137.318, [peer(ip(10,1,0,8)),method(get),request_uri('/materias'),path('/materias'),http_version(1-1),host(localhost),port(8083)]).
completed(40, 0.001422, 412, 200, ok).
/*Tue Sep 29 09:15:54 2026*/ request(41, 1790684154.912, [peer(ip(10,1,0,8)),method(get),request_uri('/materias'),path('/materias'),http_version(1-1),host(localhost),port(8083)]).
completed(41, 0.001460, 412, 200, ok).
/*Tue Sep 29 09:32:40 2026*/ request(42, 1790685160.293, [peer(ip(10,1,0,31)),method(post),request_uri('/sesion'),path('/sesion'),http_version(1-1),host(localhost),port(8083)]).
completed(42, 0.047839, 98, 200, ok).
/*Tue Sep 29 09:33:15 2026*/ request(43, 1790685195.141, [peer(ip(10,1,0,31)),method(get),request_uri('/materias'),path('/materias'),http_version(1-1),host(localhost),port(8083)]).
completed(43, 0.001808, 412, 200, ok).
/*Tue Sep 29 09:33:46 2026*/ request(44, 1790685226.920, [peer(ip(10,1,0,31)),method(get),request_uri('/alumnos/131'),path('/alumnos/131'),http_version(1-1),host(localhost),port(8083)]).
completed(44, 0.002660, 241, 200, ok).
/*Tue Sep 29 09:33:51 2026*/ request(45, 1790685231.763, [peer(ip(10,1,0,31)),method(get),request_uri('/alumnos/131'),path('/alumnos/131'),http_version(1-1),host(localhost),port(8083)]).
completed(45, 0.002048, 240, 200, ok).
/*Tue Sep 29 09:34:27 2026*/ request(46, 1790685267.041, [peer(ip(10,1,0,31)),method(get),request_uri('/materias/algebra/promedio'),path('/materias/algebra/promedio'),http_version(1-1),host(localhost),port(8083)]).
completed(46, 0.001417, 57, 200, ok).
/*Tue Sep 29 09:34:52 2026*/ request(47, 1790685292.399, [peer(ip(10,1,0,31)),method(get),request_uri('/materias/fisica/promedio'),path('/materias/fisica/promedio'),http_version(1-1),host(localhost),port(8083)]).
completed(47, 0.002076, 51, 200, ok).
/*Tue Sep 29 09:35:05 2026*/ request(48, 1790685305.573, [peer(ip(10,1,0,31)),method(get),request_uri('/materias/fisica/promedio'),path('/materias/fisica/promedio'),http_version(1-1),host(localhost),port(8083)]).
completed(48, 0.003044, 53, 200, ok).
/*Tue Sep 29 09:35:34 2026*/ request(49, 1790685334.177, [peer(ip(10,1,0,31)),method(get),request_uri('/materias/logica/promedio'),path('/materias/logica/promedio'),http_version(1-1),host(localhost),port(8083)]).
completed(49, 0.002130, 57, 200, ok).
/*Tue Sep 29 09:36:06 2026*/ request(50, 1790685366.041, [peer(ip(10,1,0,31)),method(get),request_uri('/materias/analisis/promedio'),path('/materias/analisis/promedio'),http_version(1-1),host(localhost),port(8083)]).
completed(50, 0.002096, 50, 200, ok).
/*Tue Sep 29 09:36:17 2026*/ request(51, 1790685377.030, [peer(ip(10,1,0,31)),method(get),request_uri('/alumnos/131'),path('/alumnos/131'),http_version(1-1),host(localhost),port(8083)]).
completed(51, 0.000845, 230, 200, ok).
/*Tue Sep 29 09:50:25 2026*/ request(52, 1790686225.217, [peer(ip(10,1,0,5)),method(post),request_uri('/sesion'),path('/sesion'),http_version(1-1),host(localhost),port(8083)]).
completed(52, 0.049287, 36, 401, ok).
/*Tue Sep 29 09:50:39 2026*/ request(53, 1790686239.027, [peer(ip(10,1,0,5)),method(post),request_uri('/sesion'),path('/sesion'),http_version(1-1),host(localhost),port(8083)]).
completed(53, 0.042219, 98, 200, ok).
/*Tue Sep 29 09:50:43 2026*/ request(54, 1790686243.935, [peer(ip(10,1,0,5)),method(get),request_uri('/materias/algebra/promedio'),path('/materias/algebra/promedio'),http_version(1-1),host(localhost),port(8083)]).
completed(54, 0.002461, 45, 200, ok).
/*Tue Sep 29 09:50:55 2026*/ request(55, 1790686255.309, [peer(ip(10,1,0,5)),method(get),request_uri('/materias/sistemas/promedio'),path('/materias/sistemas/promedio'),http_version(1-1),host(localhost),port(8083)]).
completed(55, 0.001696, 50, 200, ok).
/*Tue Sep 29 09:51:13 2026*/ request(56, 1790686273.286, [peer(ip(10,1,0,5)),method(get),request_uri('/materias/analisis/promedio'),path('/materias/analisis/promedio'),http_version(1-1),host(localhost),port(8083)]).
completed(56, 0.003027, 40, 200, ok).
/*Tue Sep 29 09:51:27 2026*/ request(57, 1790686287.212, [peer(ip(10,1,0,5)),method(get),request_uri('/materias'),path('/materias'),http_version(1-1),host(localhost),port(8083)]).
completed(57, 0.001811, 412, 200, ok).
/*Tue Sep 29 09:51:41 2026*/ request(58, 1790686301.757, [peer(ip(10,1,0,5)),method(get),request_uri('/materias/fisica/promedio'),path('/materias/fisica/promedio'),http_version(1-1),host(localhost),port(8083)]).
completed(58, 0.002935, 51, 200, ok).
/*Tue Sep 29 09:51:55 2026*/ request(59, 1790686315.079, [peer(ip(10,1,0,5)),method(get),request_uri('/materias'),path('/materias'),http_version(1-1),host(localhost),port(8083)]).
completed(59, 0.001871, 412, 200, ok).
/*Tue Sep 29 09:52:00 2026*/ request(60, 1790686320.106, [peer(ip(10,1,0,43)),method(post),request_uri('/sesion'),path('/sesion'),http_version(1-1),host(localhost),port(8083)]).
completed(60, 0.042797, 98, 200, ok).
/*Tue Sep 29 09:52:03 2026*/ request(61, 1790686323.722, [peer(ip(10,1,0,5)),method(get),request_uri('/materias'),path('/materias'),http_version(1-1),host(localhost),port(8083)]).
completed(61, 0.002097, 412, 200, ok).
/*Tue Sep 29 09:52:03 2026*/ request(62, 1790686323.782, [peer(ip(10,1,0,43)),method(post),request_uri('/mis-inscripciones'),path('/mis-inscripciones'),http_version(1-1),host(localhost),port(8083)]).
completed(62, 0.003224, 17, 200, ok).
/*Tue Sep 29 09:52:16 2026*/ request(63, 1790686336.720, [peer(ip(10,1,0,43)),method(get),request_uri('/ranking'),path('/ranking'),http_version(1-1),host(localhost),port(8083)]).
completed(63, 0.002550, 1032, 200, ok).
/*Tue Sep 29 09:52:40 2026*/ request(64, 1790686360.697, [peer(ip(10,1,0,5)),method(get),request_uri('/materias/logica/promedio'),path('/materias/logica/promedio'),http_version(1-1),host(localhost),port(8083)]).
completed(64, 0.002500, 43, 200, ok).
/*Tue Sep 29 09:52:49 2026*/ request(65, 1790686369.309, [peer(ip(10,1,0,43)),method(get),request_uri('/materias/sistemas/promedio'),path('/materias/sistemas/promedio'),http_version(1-1),host(localhost),port(8083)]).
completed(65, 0.002503, 49, 200, ok).
/*Tue Sep 29 09:52:52 2026*/ request(66, 1790686372.429, [peer(ip(10,1,0,43)),method(get),request_uri('/alumnos/143'),path('/alumnos/143'),http_version(1-1),host(localhost),port(8083)]).
completed(66, 0.002258, 251, 200, ok).
/*Tue Sep 29 10:09:06 2026*/ request(67, 1790687346.463, [peer(ip(10,1,0,23)),method(post),request_uri('/sesion'),path('/sesion'),http_version(1-1),host(localhost),port(8083)]).
completed(67, 0.047405, 36, 401, ok).
/*Tue Sep 29 10:09:14 2026*/ request(68, 1790687354.816, [peer(ip(10,1,0,23)),method(post),request_uri('/sesion'),path('/sesion'),http_version(1-1),host(localhost),port(8083)]).
completed(68, 0.046448, 98, 200, ok).
/*Tue Sep 29 10:09:18 2026*/ request(69, 1790687358.453, [peer(ip(10,1,0,23)),method(get),request_uri('/materias'),path('/materias'),http_version(1-1),host(localhost),port(8083)]).
completed(69, 0.001469, 412, 200, ok).
/*Tue Sep 29 10:09:27 2026*/ request(70, 1790687367.136, [peer(ip(10,1,0,23)),method(get),request_uri('/materias'),path('/materias'),http_version(1-1),host(localhost),port(8083)]).
completed(70, 0.001337, 412, 200, ok).
/*Tue Sep 29 10:09:38 2026*/ request(71, 1790687378.533, [peer(ip(10,1,0,23)),method(get),request_uri('/ranking'),path('/ranking'),http_version(1-1),host(localhost),port(8083)]).
completed(71, 0.001210, 1045, 200, ok).
/*Tue Sep 29 10:10:12 2026*/ request(72, 1790687412.036, [peer(ip(10,1,0,23)),method(get),request_uri('/materias'),path('/materias'),http_version(1-1),host(localhost),port(8083)]).
completed(72, 0.003161, 412, 200, ok).
/*Tue Sep 29 10:10:32 2026*/ request(73, 1790687432.868, [peer(ip(10,1,0,23)),method(get),request_uri('/materias'),path('/materias'),http_version(1-1),host(localhost),port(8083)]).
completed(73, 0.001397, 412, 200, ok).
/*Tue Sep 29 10:10:56 2026*/ request(74, 1790687456.823, [peer(ip(10,1,0,23)),method(get),request_uri('/materias'),path('/materias'),http_version(1-1),host(localhost),port(8083)]).
completed(74, 0.001949, 412, 200, ok).
/*Tue Sep 29 10:11:20 2026*/ request(75, 1790687480.760, [peer(ip(10,1,0,23)),method(get),request_uri('/materias'),path('/materias'),http_version(1-1),host(localhost),port(8083)]).
completed(75, 0.002558, 412, 200, ok).
/*Tue Sep 29 10:11:45 2026*/ request(76, 1790687505.116, [peer(ip(10,1,0,23)),method(get),request_uri('/ranking'),path('/ranking'),http_version(1-1),host(localhost),port(8083)]).
completed(76, 0.002353, 989, 200, ok).
/*Tue Sep 29 10:12:11 2026*/ request(77, 1790687531.667, [peer(ip(10,1,0,23)),method(get),request_uri('/alumnos/123'),path('/alumnos/123'),http_version(1-1),host(localhost),port(8083)]).
completed(77, 0.002041, 202, 200, ok).
/*Tue Sep 29 10:26:54 2026*/ request(78, 1790688414.112, [peer(ip(10,1,0,36)),method(post),request_uri('/sesion'),path('/sesion'),http_version(1-1),host(localhost),port(8083)]).
completed(78, 0.046519, 36, 401, ok).
/*Tue Sep 29 10:27:03 2026*/ request(79, 1790688423.608, [peer(ip(10,1,0,36)),method(post),request_uri('/sesion'),path('/sesion'),http_version(1-1),host(localhost),port(8083)]).
completed(79, 0.043533, 98, 200, ok).
/*Tue Sep 29 10:27:08 2026*/ request(80, 1790688428.051, [peer(ip(10,1,0,36)),method(post),request_uri('/mis-inscripciones'),path('/mis-inscripciones'),http_version(1-1),host(localhost),port(8083)]).
completed(80, 0.001274, 17, 200, ok).
/*Tue Sep 29 10:27:48 2026*/ request(81, 1790688468.471, [peer(ip(10,1,0,36)),method(get),request_uri('/materias'),path('/materias'),http_version(1-1),host(localhost),port(8083)]).
completed(81, 0.002773, 412, 200, ok).
/*Tue Sep 29 10:28:21 2026*/ request(82, 1790688501.126, [peer(ip(10,1,0,36)),method(get),request_uri('/materias/logica/promedio'),path('/materias/logica/promedio'),http_version(1-1),host(localhost),port(8083)]).
completed(82, 0.001121, 44, 200, ok).
/*Tue Sep 29 10:28:40 2026*/ request(83, 1790688520.532, [peer(ip(10,1,0,36)),method(get),request_uri('/ranking'),path('/ranking'),http_version(1-1),host(localhost),port(8083)]).
completed(83, 0.003214, 997, 200, ok).
/*Tue Sep 29 10:29:18 2026*/ request(84, 1790688558.740, [peer(ip(10,1,0,36)),method(get),request_uri('/materias'),path('/materias'),http_version(1-1),host(localhost),port(8083)]).
completed(84, 0.002115, 412, 200, ok).
/*Tue Sep 29 10:29:49 2026*/ request(85, 1790688589.892, [peer(ip(10,1,0,36)),method(get),request_uri('/materias'),path('/materias'),http_version(1-1),host(localhost),port(8083)]).
completed(85, 0.001727, 412, 200, ok).
/*Tue Sep 29 10:30:01 2026*/ request(86, 1790688601.243, [peer(ip(10,1,0,36)),method(get),request_uri('/alumnos/136'),path('/alumnos/136'),http_version(1-1),host(localhost),port(8083)]).
completed(86, 0.001852, 214, 200, ok).
/*Tue Sep 29 10:30:41 2026*/ request(87, 1790688641.993, [peer(ip(10,1,0,36)),method(get),request_uri('/materias'),path('/materias'),http_version(1-1),host(localhost),port(8083)]).
completed(87, 0.002503, 412, 200, ok).
/*Tue Sep 29 10:31:01 2026*/ request(88, 1790688661.687, [peer(ip(10,1,0,36)),method(get),request_uri('/alumnos/136'),path('/alumnos/136'),http_version(1-1),host(localhost),port(8083)]).
completed(88, 0.001492, 256, 200, ok).
/*Tue Sep 29 10:31:09 2026*/ request(89, 1790688669.580, [peer(ip(10,1,0,36)),method(post),request_uri('/mis-inscripciones'),path('/mis-inscripciones'),http_version(1-1),host(localhost),port(8083)]).
completed(89, 0.001965, 17, 200, ok).
/*Tue Sep 29 10:43:19 2026*/ request(90, 1790689399.793, [peer(ip(10,1,0,12)),method(post),request_uri('/sesion'),path('/sesion'),http_version(1-1),host(localhost),port(8083)]).
completed(90, 0.045622, 98, 200, ok).
/*Tue Sep 29 10:43:42 2026*/ request(91, 1790689422.358, [peer(ip(10,1,0,12)),method(get),request_uri('/materias/fisica/promedio'),path('/materias/fisica/promedio'),http_version(1-1),host(localhost),port(8083)]).
completed(91, 0.003118, 48, 200, ok).
/*Tue Sep 29 10:44:16 2026*/ request(92, 1790689456.842, [peer(ip(10,1,0,12)),method(get),request_uri('/alumnos/112'),path('/alumnos/112'),http_version(1-1),host(localhost),port(8083)]).
completed(92, 0.003103, 229, 200, ok).
/*Tue Sep 29 10:44:24 2026*/ request(93, 1790689464.723, [peer(ip(10,1,0,12)),method(get),request_uri('/materias/fisica/promedio'),path('/materias/fisica/promedio'),http_version(1-1),host(localhost),port(8083)]).
completed(93, 0.000947, 53, 200, ok).
/*Tue Sep 29 10:44:27 2026*/ request(94, 1790689467.022, [peer(ip(10,1,0,12)),method(get),request_uri('/ranking'),path('/ranking'),http_version(1-1),host(localhost),port(8083)]).
completed(94, 0.002051, 1056, 200, ok).
/*Tue Sep 29 10:44:55 2026*/ request(95, 1790689495.283, [peer(ip(10,1,0,12)),method(post),request_uri('/mis-inscripciones'),path('/mis-inscripciones'),http_version(1-1),host(localhost),port(8083)]).
completed(95, 0.001768, 17, 200, ok).
/*Tue Sep 29 10:45:11 2026*/ request(96, 1790689511.613, [peer(ip(10,1,0,12)),method(get),request_uri('/materias/fisica/promedio'),path('/materias/fisica/promedio'),http_version(1-1),host(localhost),port(8083)]).
completed(96, 0.001955, 43, 200, ok).
/*Tue Sep 29 10:49:02 2026*/ request(97, 1790689742.692, [peer(ip(10,1,0,37)),method(post),request_uri('/sesion'),path('/sesion'),http_version(1-1),host(localhost),port(8083)]).
completed(97, 0.049660, 98, 200, ok).
/*Tue Sep 29 10:49:42 2026*/ request(98, 1790689782.390, [peer(ip(10,1,0,37)),method(post),request_uri('/mis-inscripciones'),path('/mis-inscripciones'),http_version(1-1),host(localhost),port(8083)]).
completed(98, 0.003226, 17, 200, ok).
/*Tue Sep 29 10:49:50 2026*/ request(99, 1790689790.189, [peer(ip(10,1,0,37)),method(get),request_uri('/materias/fisica/promedio'),path('/materias/fisica/promedio'),http_version(1-1),host(localhost),port(8083)]).
completed(99, 0.002396, 48, 200, ok).
/*Tue Sep 29 10:50:06 2026*/ request(100, 1790689806.923, [peer(ip(10,1,0,37)),method(post),request_uri('/mis-inscripciones'),path('/mis-inscripciones'),http_version(1-1),host(localhost),port(8083)]).
completed(100, 0.002842, 17, 200, ok).
/*Tue Sep 29 10:50:35 2026*/ request(101, 1790689835.081, [peer(ip(10,1,0,37)),method(get),request_uri('/materias/analisis/promedio'),path('/materias/analisis/promedio'),http_version(1-1),host(localhost),port(8083)]).
completed(101, 0.001748, 58, 200, ok).
/*Tue Sep 29 10:51:09 2026*/ request(102, 1790689869.303, [peer(ip(10,1,0,37)),method(get),request_uri('/materias'),path('/materias'),http_version(1-1),host(localhost),port(8083)]).
completed(102, 0.001913, 412, 200, ok).
/*Tue Sep 29 10:51:38 2026*/ request(103, 1790689898.241, [peer(ip(10,1,0,37)),method(get),request_uri('/materias/sistemas/promedio'),path('/materias/sistemas/promedio'),http_version(1-1),host(localhost),port(8083)]).
completed(103, 0.000903, 47, 200, ok).
/*Tue Sep 29 10:51:56 2026*/ request(104, 1790689916.176, [peer(ip(10,1,0,37)),method(get),request_uri('/materias'),path('/materias'),http_version(1-1),host(localhost),port(8083)]).
completed(104, 0.001625, 412, 200, ok).
/*Tue Sep 29 10:52:25 2026*/ request(105, 1790689945.050, [peer(ip(10,1,0,37)),method(get),request_uri('/materias'),path('/materias'),http_version(1-1),host(localhost),port(8083)]).
completed(105, 0.001222, 412, 200, ok).
/*Tue Sep 29 11:07:00 2026*/ request(106, 1790690820.738, [peer(ip(10,1,0,51)),method(post),request_uri('/sesion'),path('/sesion'),http_version(1-1),host(localhost),port(8083)]).
completed(106, 0.043276, 36, 401, ok).
/*Tue Sep 29 11:07:12 2026*/ request(107, 1790690832.889, [peer(ip(10,1,0,51)),method(post),request_uri('/sesion'),path('/sesion'),http_version(1-1),host(localhost),port(8083)]).
completed(107, 0.045341, 98, 200, ok).
/*Tue Sep 29 11:07:30 2026*/ request(108, 1790690850.546, [peer(ip(10,1,0,51)),method(get),request_uri('/ranking'),path('/ranking'),http_version(1-1),host(localhost),port(8083)]).
completed(108, 0.000940, 925, 200, ok).
/*Tue Sep 29 11:07:44 2026*/ request(109, 1790690864.482, [peer(ip(10,1,0,51)),method(get),request_uri('/materias'),path('/materias'),http_version(1-1),host(localhost),port(8083)]).
completed(109, 0.001011, 412, 200, ok).
/*Tue Sep 29 11:08:12 2026*/ request(110, 1790690892.890, [peer(ip(10,1,0,51)),method(post),request_uri('/mis-inscripciones'),path('/mis-inscripciones'),http_version(1-1),host(localhost),port(8083)]).
completed(110, 0.001853, 17, 200, ok).
/*Tue Sep 29 11:08:15 2026*/ request(111, 1790690895.442, [peer(ip(10,1,0,51)),method(get),request_uri('/alumnos/151'),path('/alumnos/151'),http_version(1-1),host(localhost),port(8083)]).
completed(111, 0.001946, 234, 200, ok).
/*Tue Sep 29 11:08:55 2026*/ request(112, 1790690935.162, [peer(ip(10,1,0,51)),method(post),request_uri('/mis-inscripciones'),path('/mis-inscripciones'),http_version(1-1),host(localhost),port(8083)]).
completed(112, 0.000885, 17, 200, ok).
/*Tue Sep 29 11:09:00 2026*/ request(113, 1790690940.177, [peer(ip(10,1,0,51)),method(get),request_uri('/materias'),path('/materias'),http_version(1-1),host(localhost),port(8083)]).
completed(113, 0.001185, 412, 200, ok).
/*Tue Sep 29 11:09:27 2026*/ request(114, 1790690967.910, [peer(ip(10,1,0,51)),method(get),request_uri('/materias/sistemas/promedio'),path('/materias/sistemas/promedio'),http_version(1-1),host(localhost),port(8083)]).
completed(114, 0.002814, 41, 200, ok).
/*Tue Sep 29 11:09:54 2026*/ request(115, 1790690994.445, [peer(ip(10,1,0,51)),method(get),request_uri('/materias'),path('/materias'),http_version(1-1),host(localhost),port(8083)]).
completed(115, 0.002961, 412, 200, ok).
/*Tue Sep 29 11:26:21 2026*/ request(116, 1790691981.307, [peer(ip(10,1,0,45)),method(post),request_uri('/sesion'),path('/sesion'),http_version(1-1),host(localhost),port(8083)]).
completed(116, 0.047651, 98, 200, ok).
/*Tue Sep 29 11:26:38 2026*/ request(117, 1790691998.975, [peer(ip(10,1,0,45)),method(get),request_uri('/materias/logica/promedio'),path('/materias/logica/promedio'),http_version(1-1),host(localhost),port(8083)]).
completed(117, 0.003267, 44, 200, ok).
/*Tue Sep 29 11:27:16 2026*/ request(118, 1790692036.532, [peer(ip(10,1,0,45)),method(get),request_uri('/materias'),path('/materias'),http_version(1-1),host(localhost),port(8083)]).
completed(118, 0.002101, 412, 200, ok).
/*Tue Sep 29 11:34:52 2026*/ request(119, 1790692492.361, [peer(ip(10,1,0,31)),method(post),request_uri('/sesion'),path('/sesion'),http_version(1-1),host(localhost),port(8083)]).
completed(119, 0.048249, 98, 200, ok).
/*Tue Sep 29 11:35:21 2026*/ request(120, 1790692521.197, [peer(ip(10,1,0,31)),method(post),request_uri('/mis-inscripciones'),path('/mis-inscripciones'),http_version(1-1),host(localhost),port(8083)]).
completed(120, 0.001843, 17, 200, ok).
/*Tue Sep 29 11:35:49 2026*/ request(121, 1790692549.743, [peer(ip(10,1,0,31)),method(get),request_uri('/materias'),path('/materias'),http_version(1-1),host(localhost),port(8083)]).
completed(121, 0.000844, 412, 200, ok).
/*Tue Sep 29 11:35:58 2026*/ request(122, 1790692558.592, [peer(ip(10,1,0,31)),method(post),request_uri('/mis-inscripciones'),path('/mis-inscripciones'),http_version(1-1),host(localhost),port(8083)]).
completed(122, 0.002175, 17, 200, ok).
/*Tue Sep 29 11:47:16 2026*/ request(123, 1790693236.464, [peer(ip(10,1,0,16)),method(post),request_uri('/sesion'),path('/sesion'),http_version(1-1),host(localhost),port(8083)]).
completed(123, 0.046053, 36, 401, ok).
/*Tue Sep 29 11:47:26 2026*/ request(124, 1790693246.999, [peer(ip(10,1,0,16)),method(post),request_uri('/sesion'),path('/sesion'),http_version(1-1),host(localhost),port(8083)]).
completed(124, 0.048848, 98, 200, ok).
/*Tue Sep 29 11:47:39 2026*/ request(125, 1790693259.098, [peer(ip(10,1,0,16)),method(get),request_uri('/alumnos/116'),path('/alumnos/116'),http_version(1-1),host(localhost),port(8083)]).
completed(125, 0.002864, 203, 200, ok).
/*Tue Sep 29 11:48:10 2026*/ request(126, 1790693290.970, [peer(ip(10,1,0,16)),method(get),request_uri('/alumnos/116'),path('/alumnos/116'),http_version(1-1),host(localhost),port(8083)]).
completed(126, 0.003024, 220, 200, ok).
/*Tue Sep 29 11:48:32 2026*/ request(127, 1790693312.933, [peer(ip(10,1,0,16)),method(get),request_uri('/ranking'),path('/ranking'),http_version(1-1),host(localhost),port(8083)]).
completed(127, 0.001403, 1053, 200, ok).
/*Tue Sep 29 11:48:47 2026*/ request(128, 1790693327.396, [peer(ip(10,1,0,16)),method(get),request_uri('/alumnos/116'),path('/alumnos/116'),http_version(1-1),host(localhost),port(8083)]).
completed(128, 0.001006, 206, 200, ok).
/*Tue Sep 29 11:49:12 2026*/ request(129, 1790693352.797, [peer(ip(10,1,0,16)),method(get),request_uri('/alumnos/116'),path('/alumnos/116'),http_version(1-1),host(localhost),port(8083)]).
completed(129, 0.002346, 241, 200, ok).
/*Tue Sep 29 11:49:46 2026*/ request(130, 1790693386.548, [peer(ip(10,1,0,16)),method(get),request_uri('/materias/fisica/promedio'),path('/materias/fisica/promedio'),http_version(1-1),host(localhost),port(8083)]).
completed(130, 0.003107, 56, 200, ok).
/*Tue Sep 29 11:58:44 2026*/ request(131, 1790693924.970, [peer(ip(10,1,0,32)),method(post),request_uri('/sesion'),path('/sesion'),http_version(1-1),host(localhost),port(8083)]).
completed(131, 0.049369, 98, 200, ok).
/*Tue Sep 29 11:59:13 2026*/ request(132, 1790693953.090, [peer(ip(10,1,0,32)),method(get),request_uri('/materias'),path('/materias'),http_version(1-1),host(localhost),port(8083)]).
completed(132, 0.001256, 412, 200, ok).
/*Tue Sep 29 11:59:39 2026*/ request(133, 1790693979.353, [peer(ip(10,1,0,32)),method(get),request_uri('/alumnos/132'),path('/alumnos/132'),http_version(1-1),host(localhost),port(8083)]).
completed(133, 0.002099, 215, 200, ok).
/*Tue Sep 29 12:22:36 2026*/ request(134, 1790695356.172, [peer(ip(10,1,0,50)),method(post),request_uri('/sesion'),path('/sesion'),http_version(1-1),host(localhost),port(8083)]).
completed(134, 0.045757, 98, 200, ok).
/*Tue Sep 29 12:23:05 2026*/ request(135, 1790695385.859, [peer(ip(10,1,0,50)),method(post),request_uri('/mis-inscripciones'),path('/mis-inscripciones'),http_version(1-1),host(localhost),port(8083)]).
completed(135, 0.002685, 41, 409, ok).
/*Tue Sep 29 12:23:41 2026*/ request(136, 1790695421.923, [peer(ip(10,1,0,50)),method(get),request_uri('/materias/logica/promedio'),path('/materias/logica/promedio'),http_version(1-1),host(localhost),port(8083)]).
completed(136, 0.002220, 58, 200, ok).
/*Tue Sep 29 12:23:49 2026*/ request(137, 1790695429.375, [peer(ip(10,1,0,50)),method(post),request_uri('/mis-inscripciones'),path('/mis-inscripciones'),http_version(1-1),host(localhost),port(8083)]).
completed(137, 0.002273, 17, 200, ok).
/*Tue Sep 29 12:24:06 2026*/ request(138, 1790695446.640, [peer(ip(10,1,0,50)),method(get),request_uri('/materias'),path('/materias'),http_version(1-1),host(localhost),port(8083)]).
completed(138, 0.003196, 412, 200, ok).
/*Tue Sep 29 12:24:28 2026*/ request(139, 1790695468.383, [peer(ip(10,1,0,50)),method(get),request_uri('/materias'),path('/materias'),http_version(1-1),host(localhost),port(8083)]).
completed(139, 0.001507, 412, 200, ok).
/*Tue Sep 29 12:32:00 2026*/ request(140, 1790695920.458, [peer(ip(10,1,0,26)),method(post),request_uri('/sesion'),path('/sesion'),http_version(1-1),host(localhost),port(8083)]).
completed(140, 0.042092, 98, 200, ok).
/*Tue Sep 29 12:32:26 2026*/ request(141, 1790695946.976, [peer(ip(10,1,0,26)),method(get),request_uri('/ranking'),path('/ranking'),http_version(1-1),host(localhost),port(8083)]).
completed(141, 0.000941, 957, 200, ok).
/*Tue Sep 29 12:33:01 2026*/ request(142, 1790695981.929, [peer(ip(10,1,0,26)),method(get),request_uri('/materias/logica/promedio'),path('/materias/logica/promedio'),http_version(1-1),host(localhost),port(8083)]).
completed(142, 0.003229, 56, 200, ok).
/*Tue Sep 29 12:33:36 2026*/ request(143, 1790696016.124, [peer(ip(10,1,0,26)),method(get),request_uri('/materias'),path('/materias'),http_version(1-1),host(localhost),port(8083)]).
completed(143, 0.003170, 412, 200, ok).
/*Tue Sep 29 12:33:57 2026*/ request(144, 1790696037.918, [peer(ip(10,1,0,26)),method(get),request_uri('/alumnos/126'),path('/alumnos/126'),http_version(1-1),host(localhost),port(8083)]).
completed(144, 0.001426, 208, 200, ok).
/*Tue Sep 29 12:49:07 2026*/ request(145, 1790696947.742, [peer(ip(10,1,0,10)),method(post),request_uri('/sesion'),path('/sesion'),http_version(1-1),host(localhost),port(8083)]).
completed(145, 0.045634, 36, 401, ok).
/*Tue Sep 29 12:49:17 2026*/ request(146, 1790696957.814, [peer(ip(10,1,0,10)),method(post),request_uri('/sesion'),path('/sesion'),http_version(1-1),host(localhost),port(8083)]).
completed(146, 0.044908, 36, 401, ok).
/*Tue Sep 29 12:49:28 2026*/ request(147, 1790696968.334, [peer(ip(10,1,0,10)),method(post),request_uri('/sesion'),path('/sesion'),http_version(1-1),host(localhost),port(8083)]).
completed(147, 0.042916, 36, 401, ok).
/*Tue Sep 29 12:49:37 2026*/ request(148, 1790696977.667, [peer(ip(10,1,0,10)),method(post),request_uri('/sesion'),path('/sesion'),http_version(1-1),host(localhost),port(8083)]).
completed(148, 0.048706, 36, 401, ok).
/*Tue Sep 29 12:49:51 2026*/ request(149, 1790696991.777, [peer(ip(10,1,0,10)),method(post),request_uri('/sesion'),path('/sesion'),http_version(1-1),host(localhost),port(8083)]).
completed(149, 0.045223, 98, 200, ok).
/*Tue Sep 29 12:50:20 2026*/ request(150, 1790697020.315, [peer(ip(10,1,0,10)),method(get),request_uri('/ranking'),path('/ranking'),http_version(1-1),host(localhost),port(8083)]).
completed(150, 0.002966, 1063, 200, ok).
/*Tue Sep 29 12:50:56 2026*/ request(151, 1790697056.400, [peer(ip(10,1,0,10)),method(get),request_uri('/alumnos/110'),path('/alumnos/110'),http_version(1-1),host(localhost),port(8083)]).
completed(151, 0.002334, 217, 200, ok).
/*Tue Sep 29 12:51:33 2026*/ request(152, 1790697093.227, [peer(ip(10,1,0,10)),method(post),request_uri('/mis-inscripciones'),path('/mis-inscripciones'),http_version(1-1),host(localhost),port(8083)]).
completed(152, 0.002915, 41, 409, ok).
/*Tue Sep 29 12:51:56 2026*/ request(153, 1790697116.046, [peer(ip(10,1,0,10)),method(post),request_uri('/mis-inscripciones'),path('/mis-inscripciones'),http_version(1-1),host(localhost),port(8083)]).
completed(153, 0.002177, 17, 200, ok).
/*Tue Sep 29 12:52:34 2026*/ request(154, 1790697154.664, [peer(ip(10,1,0,10)),method(get),request_uri('/ranking'),path('/ranking'),http_version(1-1),host(localhost),port(8083)]).
completed(154, 0.003277, 1075, 200, ok).
/*Tue Sep 29 12:53:02 2026*/ request(155, 1790697182.996, [peer(ip(10,1,0,10)),method(get),request_uri('/materias'),path('/materias'),http_version(1-1),host(localhost),port(8083)]).
completed(155, 0.002140, 412, 200, ok).
/*Tue Sep 29 12:53:33 2026*/ request(156, 1790697213.009, [peer(ip(10,1,0,10)),method(get),request_uri('/materias/analisis/promedio'),path('/materias/analisis/promedio'),http_version(1-1),host(localhost),port(8083)]).
completed(156, 0.002422, 59, 200, ok).
/*Tue Sep 29 12:53:44 2026*/ request(157, 1790697224.512, [peer(ip(10,1,0,10)),method(get),request_uri('/ranking'),path('/ranking'),http_version(1-1),host(localhost),port(8083)]).
completed(157, 0.000952, 921, 200, ok).
/*Tue Sep 29 12:54:06 2026*/ request(158, 1790697246.481, [peer(ip(10,1,0,10)),method(get),request_uri('/ranking'),path('/ranking'),http_version(1-1),host(localhost),port(8083)]).
completed(158, 0.003143, 1097, 200, ok).
/*Tue Sep 29 12:54:32 2026*/ request(159, 1790697272.691, [peer(ip(10,1,0,10)),method(get),request_uri('/materias/logica/promedio'),path('/materias/logica/promedio'),http_version(1-1),host(localhost),port(8083)]).
completed(159, 0.002091, 51, 200, ok).
/*Tue Sep 29 13:06:40 2026*/ request(160, 1790698000.420, [peer(ip(10,1,0,25)),method(post),request_uri('/sesion'),path('/sesion'),http_version(1-1),host(localhost),port(8083)]).
completed(160, 0.048852, 98, 200, ok).
/*Tue Sep 29 13:07:12 2026*/ request(161, 1790698032.942, [peer(ip(10,1,0,25)),method(get),request_uri('/materias'),path('/materias'),http_version(1-1),host(localhost),port(8083)]).
completed(161, 0.002221, 412, 200, ok).
/*Tue Sep 29 13:07:27 2026*/ request(162, 1790698047.906, [peer(ip(10,1,0,25)),method(get),request_uri('/materias/algebra/promedio'),path('/materias/algebra/promedio'),http_version(1-1),host(localhost),port(8083)]).
completed(162, 0.001072, 47, 200, ok).
/*Tue Sep 29 13:08:05 2026*/ request(163, 1790698085.253, [peer(ip(10,1,0,25)),method(get),request_uri('/alumnos/125'),path('/alumnos/125'),http_version(1-1),host(localhost),port(8083)]).
completed(163, 0.002309, 237, 200, ok).
/*Tue Sep 29 13:08:18 2026*/ request(164, 1790698098.129, [peer(ip(10,1,0,25)),method(get),request_uri('/materias/analisis/promedio'),path('/materias/analisis/promedio'),http_version(1-1),host(localhost),port(8083)]).
completed(164, 0.003075, 40, 200, ok).
/*Tue Sep 29 13:08:23 2026*/ request(165, 1790698103.695, [peer(ip(10,1,0,25)),method(get),request_uri('/materias'),path('/materias'),http_version(1-1),host(localhost),port(8083)]).
completed(165, 0.001743, 412, 200, ok).
/*Tue Sep 29 13:08:53 2026*/ request(166, 1790698133.462, [peer(ip(10,1,0,25)),method(get),request_uri('/materias'),path('/materias'),http_version(1-1),host(localhost),port(8083)]).
completed(166, 0.002544, 412, 200, ok).
/*Tue Sep 29 13:09:33 2026*/ request(167, 1790698173.105, [peer(ip(10,1,0,25)),method(get),request_uri('/materias/logica/promedio'),path('/materias/logica/promedio'),http_version(1-1),host(localhost),port(8083)]).
completed(167, 0.002456, 52, 200, ok).
/*Tue Sep 29 13:09:55 2026*/ request(168, 1790698195.272, [peer(ip(10,1,0,25)),method(get),request_uri('/materias/algebra/promedio'),path('/materias/algebra/promedio'),http_version(1-1),host(localhost),port(8083)]).
completed(168, 0.002671, 50, 200, ok).
/*Tue Sep 29 13:10:18 2026*/ request(169, 1790698218.376, [peer(ip(10,1,0,25)),method(get),request_uri('/materias'),path('/materias'),http_version(1-1),host(localhost),port(8083)]).
completed(169, 0.001119, 412, 200, ok).
/*Tue Sep 29 13:19:42 2026*/ request(170, 1790698782.712, [peer(ip(10,1,0,23)),method(post),request_uri('/sesion'),path('/sesion'),http_version(1-1),host(localhost),port(8083)]).
completed(170, 0.042075, 98, 200, ok).
/*Tue Sep 29 13:19:58 2026*/ request(171, 1790698798.677, [peer(ip(10,1,0,23)),method(get),request_uri('/materias'),path('/materias'),http_version(1-1),host(localhost),port(8083)]).
completed(171, 0.001204, 412, 200, ok).
/*Tue Sep 29 13:20:09 2026*/ request(172, 1790698809.763, [peer(ip(10,1,0,23)),method(post),request_uri('/mis-inscripciones'),path('/mis-inscripciones'),http_version(1-1),host(localhost),port(8083)]).
completed(172, 0.002991, 41, 409, ok).
/*Tue Sep 29 13:20:48 2026*/ request(173, 1790698848.742, [peer(ip(10,1,0,23)),method(get),request_uri('/materias'),path('/materias'),http_version(1-1),host(localhost),port(8083)]).
completed(173, 0.000887, 412, 200, ok).
/*Tue Sep 29 13:20:54 2026*/ request(174, 1790698854.891, [peer(ip(10,1,0,23)),method(post),request_uri('/mis-inscripciones'),path('/mis-inscripciones'),http_version(1-1),host(localhost),port(8083)]).
completed(174, 0.002910, 17, 200, ok).
/*Tue Sep 29 13:21:27 2026*/ request(175, 1790698887.323, [peer(ip(10,1,0,23)),method(post),request_uri('/mis-inscripciones'),path('/mis-inscripciones'),http_version(1-1),host(localhost),port(8083)]).
completed(175, 0.002261, 17, 200, ok).
/*Tue Sep 29 13:21:41 2026*/ request(176, 1790698901.256, [peer(ip(10,1,0,23)),method(post),request_uri('/mis-inscripciones'),path('/mis-inscripciones'),http_version(1-1),host(localhost),port(8083)]).
completed(176, 0.000895, 17, 200, ok).
/*Tue Sep 29 13:21:59 2026*/ request(177, 1790698919.737, [peer(ip(10,1,0,23)),method(get),request_uri('/materias'),path('/materias'),http_version(1-1),host(localhost),port(8083)]).
completed(177, 0.001538, 412, 200, ok).
/*Tue Sep 29 13:24:19 2026*/ request(178, 1790699059.371, [peer(ip(10,1,0,36)),method(post),request_uri('/sesion'),path('/sesion'),http_version(1-1),host(localhost),port(8083)]).
completed(178, 0.048255, 36, 401, ok).
/*Tue Sep 29 13:24:29 2026*/ request(179, 1790699069.180, [peer(ip(10,1,0,36)),method(post),request_uri('/sesion'),path('/sesion'),http_version(1-1),host(localhost),port(8083)]).
completed(179, 0.042472, 36, 401, ok).
/*Tue Sep 29 13:24:33 2026*/ request(180, 1790699073.906, [peer(ip(10,1,0,36)),method(post),request_uri('/sesion'),path('/sesion'),http_version(1-1),host(localhost),port(8083)]).
completed(180, 0.049259, 36, 401, ok).
/*Tue Sep 29 13:24:48 2026*/ request(181, 1790699088.731, [peer(ip(10,1,0,36)),method(post),request_uri('/sesion'),path('/sesion'),http_version(1-1),host(localhost),port(8083)]).
completed(181, 0.042765, 36, 401, ok).
/*Tue Sep 29 13:24:53 2026*/ request(182, 1790699093.673, [peer(ip(10,1,0,36)),method(post),request_uri('/sesion'),path('/sesion'),http_version(1-1),host(localhost),port(8083)]).
completed(182, 0.046500, 98, 200, ok).
/*Tue Sep 29 13:25:31 2026*/ request(183, 1790699131.908, [peer(ip(10,1,0,36)),method(post),request_uri('/mis-inscripciones'),path('/mis-inscripciones'),http_version(1-1),host(localhost),port(8083)]).
completed(183, 0.001767, 17, 200, ok).
/*Tue Sep 29 13:25:58 2026*/ request(184, 1790699158.949, [peer(ip(10,1,0,36)),method(get),request_uri('/alumnos/136'),path('/alumnos/136'),http_version(1-1),host(localhost),port(8083)]).
completed(184, 0.001691, 194, 200, ok).
/*Tue Sep 29 13:26:19 2026*/ request(185, 1790699179.465, [peer(ip(10,1,0,36)),method(post),request_uri('/mis-inscripciones'),path('/mis-inscripciones'),http_version(1-1),host(localhost),port(8083)]).
completed(185, 0.001712, 17, 200, ok).
/*Tue Sep 29 13:26:59 2026*/ request(186, 1790699219.253, [peer(ip(10,1,0,36)),method(get),request_uri('/materias/sistemas/promedio'),path('/materias/sistemas/promedio'),http_version(1-1),host(localhost),port(8083)]).
completed(186, 0.001604, 50, 200, ok).
/*Tue Sep 29 13:27:37 2026*/ request(187, 1790699257.022, [peer(ip(10,1,0,36)),method(get),request_uri('/materias'),path('/materias'),http_version(1-1),host(localhost),port(8083)]).
completed(187, 0.001955, 412, 200, ok).
/*Tue Sep 29 13:43:52 2026*/ request(188, 1790700232.084, [peer(ip(10,1,0,15)),method(post),request_uri('/sesion'),path('/sesion'),http_version(1-1),host(localhost),port(8083)]).
completed(188, 0.048507, 98, 200, ok).
/*Tue Sep 29 13:43:59 2026*/ request(189, 1790700239.755, [peer(ip(10,1,0,15)),method(get),request_uri('/ranking'),path('/ranking'),http_version(1-1),host(localhost),port(8083)]).
completed(189, 0.002778, 904, 200, ok).
/*Tue Sep 29 13:44:12 2026*/ request(190, 1790700252.333, [peer(ip(10,1,0,15)),method(post),request_uri('/mis-inscripciones'),path('/mis-inscripciones'),http_version(1-1),host(localhost),port(8083)]).
completed(190, 0.001135, 17, 200, ok).
/*Tue Sep 29 14:00:24 2026*/ request(191, 1790701224.308, [peer(ip(10,1,0,15)),method(post),request_uri('/sesion'),path('/sesion'),http_version(1-1),host(localhost),port(8083)]).
completed(191, 0.045469, 98, 200, ok).
/*Tue Sep 29 14:00:34 2026*/ request(192, 1790701234.341, [peer(ip(10,1,0,15)),method(get),request_uri('/materias/fisica/promedio'),path('/materias/fisica/promedio'),http_version(1-1),host(localhost),port(8083)]).
completed(192, 0.000863, 54, 200, ok).
/*Tue Sep 29 14:00:59 2026*/ request(193, 1790701259.027, [peer(ip(10,1,0,15)),method(post),request_uri('/mis-inscripciones'),path('/mis-inscripciones'),http_version(1-1),host(localhost),port(8083)]).
completed(193, 0.003169, 17, 200, ok).
/*Tue Sep 29 14:01:13 2026*/ request(194, 1790701273.083, [peer(ip(10,1,0,15)),method(get),request_uri('/materias'),path('/materias'),http_version(1-1),host(localhost),port(8083)]).
completed(194, 0.002555, 412, 200, ok).
/*Tue Sep 29 14:01:48 2026*/ request(195, 1790701308.136, [peer(ip(10,1,0,15)),method(get),request_uri('/alumnos/115'),path('/alumnos/115'),http_version(1-1),host(localhost),port(8083)]).
completed(195, 0.002064, 185, 200, ok).
/*Tue Sep 29 14:02:25 2026*/ request(196, 1790701345.804, [peer(ip(10,1,0,15)),method(get),request_uri('/materias/algebra/promedio'),path('/materias/algebra/promedio'),http_version(1-1),host(localhost),port(8083)]).
completed(196, 0.001535, 59, 200, ok).
/*Tue Sep 29 14:02:39 2026*/ request(197, 1790701359.253, [peer(ip(10,1,0,15)),method(get),request_uri('/ranking'),path('/ranking'),http_version(1-1),host(localhost),port(8083)]).
completed(197, 0.002499, 981, 200, ok).
/*Tue Sep 29 14:02:49 2026*/ request(198, 1790701369.413, [peer(ip(10,1,0,15)),method(get),request_uri('/alumnos/115'),path('/alumnos/115'),http_version(1-1),host(localhost),port(8083)]).
completed(198, 0.001853, 184, 200, ok).
/*Tue Sep 29 14:03:10 2026*/ request(199, 1790701390.497, [peer(ip(10,1,0,15)),method(get),request_uri('/alumnos/115'),path('/alumnos/115'),http_version(1-1),host(localhost),port(8083)]).
completed(199, 0.002253, 189, 200, ok).
/*Tue Sep 29 14:03:22 2026*/ request(200, 1790701402.018, [peer(ip(10,1,0,15)),method(get),request_uri('/alumnos/115'),path('/alumnos/115'),http_version(1-1),host(localhost),port(8083)]).
completed(200, 0.003008, 183, 200, ok).
/*Tue Sep 29 14:06:40 2026*/ request(201, 1790701600.678, [peer(ip(10,1,0,44)),method(post),request_uri('/sesion'),path('/sesion'),http_version(1-1),host(localhost),port(8083)]).
completed(201, 0.046581, 36, 401, ok).
/*Tue Sep 29 14:06:55 2026*/ request(202, 1790701615.184, [peer(ip(10,1,0,44)),method(post),request_uri('/sesion'),path('/sesion'),http_version(1-1),host(localhost),port(8083)]).
completed(202, 0.042006, 36, 401, ok).
/*Tue Sep 29 14:07:08 2026*/ request(203, 1790701628.121, [peer(ip(10,1,0,44)),method(post),request_uri('/sesion'),path('/sesion'),http_version(1-1),host(localhost),port(8083)]).
completed(203, 0.047384, 36, 401, ok).
/*Tue Sep 29 14:07:14 2026*/ request(204, 1790701634.215, [peer(ip(10,1,0,44)),method(post),request_uri('/sesion'),path('/sesion'),http_version(1-1),host(localhost),port(8083)]).
completed(204, 0.047062, 36, 401, ok).
/*Tue Sep 29 14:07:24 2026*/ request(205, 1790701644.390, [peer(ip(10,1,0,44)),method(post),request_uri('/sesion'),path('/sesion'),http_version(1-1),host(localhost),port(8083)]).
completed(205, 0.047313, 36, 401, ok).
/*Tue Sep 29 14:07:32 2026*/ request(206, 1790701652.087, [peer(ip(10,1,0,44)),method(post),request_uri('/sesion'),path('/sesion'),http_version(1-1),host(localhost),port(8083)]).
completed(206, 0.048326, 36, 401, ok).
/*Tue Sep 29 14:07:40 2026*/ request(207, 1790701660.845, [peer(ip(10,1,0,44)),method(post),request_uri('/sesion'),path('/sesion'),http_version(1-1),host(localhost),port(8083)]).
completed(207, 0.047215, 98, 200, ok).
/*Tue Sep 29 14:07:43 2026*/ request(208, 1790701663.596, [peer(ip(10,1,0,44)),method(get),request_uri('/alumnos/144'),path('/alumnos/144'),http_version(1-1),host(localhost),port(8083)]).
completed(208, 0.003197, 230, 200, ok).
/*Tue Sep 29 14:08:15 2026*/ request(209, 1790701695.274, [peer(ip(10,1,0,44)),method(post),request_uri('/mis-inscripciones'),path('/mis-inscripciones'),http_version(1-1),host(localhost),port(8083)]).
completed(209, 0.002214, 17, 200, ok).
/*Tue Sep 29 14:08:37 2026*/ request(210, 1790701717.128, [peer(ip(10,1,0,44)),method(post),request_uri('/mis-inscripciones'),path('/mis-inscripciones'),http_version(1-1),host(localhost),port(8083)]).
completed(210, 0.001278, 41, 409, ok).
/*Tue Sep 29 14:08:51 2026*/ request(211, 1790701731.601, [peer(ip(10,1,0,44)),method(get),request_uri('/alumnos/144'),path('/alumnos/144'),http_version(1-1),host(localhost),port(8083)]).
completed(211, 0.001840, 187, 200, ok).
/*Tue Sep 29 14:09:25 2026*/ request(212, 1790701765.206, [peer(ip(10,1,0,44)),method(get),request_uri('/alumnos/144'),path('/alumnos/144'),http_version(1-1),host(localhost),port(8083)]).
completed(212, 0.002365, 257, 200, ok).
/*Tue Sep 29 14:10:01 2026*/ request(213, 1790701801.602, [peer(ip(10,1,0,44)),method(post),request_uri('/mis-inscripciones'),path('/mis-inscripciones'),http_version(1-1),host(localhost),port(8083)]).
completed(213, 0.002344, 17, 200, ok).
/*Tue Sep 29 14:10:40 2026*/ request(214, 1790701840.482, [peer(ip(10,1,0,44)),method(get),request_uri('/materias'),path('/materias'),http_version(1-1),host(localhost),port(8083)]).
completed(214, 0.001090, 412, 200, ok).
/*Tue Sep 29 14:10:53 2026*/ request(215, 1790701853.162, [peer(ip(10,1,0,44)),method(get),request_uri('/materias'),path('/materias'),http_version(1-1),host(localhost),port(8083)]).
completed(215, 0.002336, 412, 200, ok).
/*Tue Sep 29 14:11:00 2026*/ request(216, 1790701860.754, [peer(ip(10,1,0,44)),method(get),request_uri('/alumnos/144'),path('/alumnos/144'),http_version(1-1),host(localhost),port(8083)]).
completed(216, 0.002645, 259, 200, ok).
/*Tue Sep 29 14:11:31 2026*/ request(217, 1790701891.823, [peer(ip(10,1,0,44)),method(get),request_uri('/materias'),path('/materias'),http_version(1-1),host(localhost),port(8083)]).
completed(217, 0.002042, 412, 200, ok).
/*Tue Sep 29 14:11:59 2026*/ request(218, 1790701919.068, [peer(ip(10,1,0,44)),method(post),request_uri('/mis-inscripciones'),path('/mis-inscripciones'),http_version(1-1),host(localhost),port(8083)]).
completed(218, 0.002005, 17, 200, ok).
/*Tue Sep 29 14:12:06 2026*/ request(219, 1790701926.550, [peer(ip(10,1,0,44)),method(get),request_uri('/alumnos/144'),path('/alumnos/144'),http_version(1-1),host(localhost),port(8083)]).
completed(219, 0.001528, 247, 200, ok).
/*Tue Sep 29 14:12:29 2026*/ request(220, 1790701949.916, [peer(ip(10,1,0,44)),method(get),request_uri('/alumnos/144'),path('/alumnos/144'),http_version(1-1),host(localhost),port(8083)]).
completed(220, 0.001723, 228, 200, ok).
/*Tue Sep 29 14:13:02 2026*/ request(221, 1790701982.636, [peer(ip(10,1,0,44)),method(get),request_uri('/alumnos/144'),path('/alumnos/144'),http_version(1-1),host(localhost),port(8083)]).
completed(221, 0.001490, 195, 200, ok).
/*Tue Sep 29 14:13:26 2026*/ request(222, 1790702006.298, [peer(ip(10,1,0,44)),method(get),request_uri('/alumnos/144'),path('/alumnos/144'),http_version(1-1),host(localhost),port(8083)]).
completed(222, 0.002036, 214, 200, ok).
/*Tue Sep 29 14:14:42 2026*/ request(223, 1790702082.926, [peer(ip(10,1,0,22)),method(post),request_uri('/sesion'),path('/sesion'),http_version(1-1),host(localhost),port(8083)]).
completed(223, 0.046995, 98, 200, ok).
/*Tue Sep 29 14:14:51 2026*/ request(224, 1790702091.674, [peer(ip(10,1,0,22)),method(post),request_uri('/mis-inscripciones'),path('/mis-inscripciones'),http_version(1-1),host(localhost),port(8083)]).
completed(224, 0.002784, 17, 200, ok).
/*Tue Sep 29 14:15:13 2026*/ request(225, 1790702113.434, [peer(ip(10,1,0,22)),method(post),request_uri('/mis-inscripciones'),path('/mis-inscripciones'),http_version(1-1),host(localhost),port(8083)]).
completed(225, 0.002855, 17, 200, ok).
/*Tue Sep 29 14:15:38 2026*/ request(226, 1790702138.624, [peer(ip(10,1,0,22)),method(get),request_uri('/materias'),path('/materias'),http_version(1-1),host(localhost),port(8083)]).
completed(226, 0.001386, 412, 200, ok).
/*Tue Sep 29 14:15:44 2026*/ request(227, 1790702144.001, [peer(ip(10,1,0,22)),method(get),request_uri('/materias'),path('/materias'),http_version(1-1),host(localhost),port(8083)]).
completed(227, 0.002316, 412, 200, ok).
/*Tue Sep 29 14:15:59 2026*/ request(228, 1790702159.366, [peer(ip(10,1,0,22)),method(post),request_uri('/mis-inscripciones'),path('/mis-inscripciones'),http_version(1-1),host(localhost),port(8083)]).
completed(228, 0.002870, 41, 409, ok).
/*Tue Sep 29 14:16:04 2026*/ request(229, 1790702164.754, [peer(ip(10,1,0,22)),method(get),request_uri('/materias'),path('/materias'),http_version(1-1),host(localhost),port(8083)]).
completed(229, 0.001365, 412, 200, ok).
/*Tue Sep 29 14:16:36 2026*/ request(230, 1790702196.659, [peer(ip(10,1,0,22)),method(get),request_uri('/materias'),path('/materias'),http_version(1-1),host(localhost),port(8083)]).
completed(230, 0.002579, 412, 200, ok).
/*Tue Sep 29 14:17:03 2026*/ request(231, 1790702223.926, [peer(ip(10,1,0,22)),method(get),request_uri('/ranking'),path('/ranking'),http_version(1-1),host(localhost),port(8083)]).
completed(231, 0.002647, 901, 200, ok).
/*Tue Sep 29 14:17:32 2026*/ request(232, 1790702252.584, [peer(ip(10,1,0,22)),method(get),request_uri('/alumnos/122'),path('/alumnos/122'),http_version(1-1),host(localhost),port(8083)]).
completed(232, 0.001236, 200, 200, ok).
/*Tue Sep 29 14:25:42 2026*/ request(233, 1790702742.230, [peer(ip(10,1,0,9)),method(post),request_uri('/sesion'),path('/sesion'),http_version(1-1),host(localhost),port(8083)]).
completed(233, 0.049542, 98, 200, ok).
/*Tue Sep 29 14:25:55 2026*/ request(234, 1790702755.250, [peer(ip(10,1,0,9)),method(post),request_uri('/mis-inscripciones'),path('/mis-inscripciones'),http_version(1-1),host(localhost),port(8083)]).
completed(234, 0.001015, 17, 200, ok).
/*Tue Sep 29 14:26:11 2026*/ request(235, 1790702771.584, [peer(ip(10,1,0,9)),method(get),request_uri('/ranking'),path('/ranking'),http_version(1-1),host(localhost),port(8083)]).
completed(235, 0.002094, 931, 200, ok).
/*Tue Sep 29 14:26:47 2026*/ request(236, 1790702807.360, [peer(ip(10,1,0,9)),method(get),request_uri('/alumnos/109'),path('/alumnos/109'),http_version(1-1),host(localhost),port(8083)]).
completed(236, 0.001921, 181, 200, ok).
/*Tue Sep 29 14:27:02 2026*/ request(237, 1790702822.722, [peer(ip(10,1,0,9)),method(get),request_uri('/alumnos/109'),path('/alumnos/109'),http_version(1-1),host(localhost),port(8083)]).
completed(237, 0.001332, 203, 200, ok).
/*Tue Sep 29 14:27:13 2026*/ request(238, 1790702833.176, [peer(ip(10,1,0,9)),method(get),request_uri('/materias'),path('/materias'),http_version(1-1),host(localhost),port(8083)]).
completed(238, 0.001784, 412, 200, ok).
/*Tue Sep 29 14:27:19 2026*/ request(239, 1790702839.896, [peer(ip(10,1,0,9)),method(post),request_uri('/mis-inscripciones'),path('/mis-inscripciones'),http_version(1-1),host(localhost),port(8083)]).
completed(239, 0.001111, 17, 200, ok).
/*Tue Sep 29 14:27:34 2026*/ request(240, 1790702854.175, [peer(ip(10,1,0,9)),method(get),request_uri('/materias'),path('/materias'),http_version(1-1),host(localhost),port(8083)]).
completed(240, 0.001031, 412, 200, ok).
/*Tue Sep 29 14:36:46 2026*/ request(241, 1790703406.219, [peer(ip(10,1,0,41)),method(post),request_uri('/sesion'),path('/sesion'),http_version(1-1),host(localhost),port(8083)]).
completed(241, 0.043164, 98, 200, ok).
/*Tue Sep 29 14:36:49 2026*/ request(242, 1790703409.339, [peer(ip(10,1,0,41)),method(get),request_uri('/alumnos/141'),path('/alumnos/141'),http_version(1-1),host(localhost),port(8083)]).
completed(242, 0.002687, 223, 200, ok).
/*Tue Sep 29 14:37:08 2026*/ request(243, 1790703428.463, [peer(ip(10,1,0,41)),method(get),request_uri('/ranking'),path('/ranking'),http_version(1-1),host(localhost),port(8083)]).
completed(243, 0.002205, 1005, 200, ok).
/*Tue Sep 29 14:37:47 2026*/ request(244, 1790703467.941, [peer(ip(10,1,0,41)),method(post),request_uri('/mis-inscripciones'),path('/mis-inscripciones'),http_version(1-1),host(localhost),port(8083)]).
completed(244, 0.002014, 41, 409, ok).
/*Tue Sep 29 14:37:53 2026*/ request(245, 1790703473.649, [peer(ip(10,1,0,41)),method(get),request_uri('/materias'),path('/materias'),http_version(1-1),host(localhost),port(8083)]).
completed(245, 0.002080, 412, 200, ok).
/*Tue Sep 29 14:46:27 2026*/ request(246, 1790703987.319, [peer(ip(10,1,0,51)),method(post),request_uri('/sesion'),path('/sesion'),http_version(1-1),host(localhost),port(8083)]).
completed(246, 0.042135, 98, 200, ok).
/*Tue Sep 29 14:46:53 2026*/ request(247, 1790704013.866, [peer(ip(10,1,0,51)),method(get),request_uri('/materias'),path('/materias'),http_version(1-1),host(localhost),port(8083)]).
completed(247, 0.003232, 412, 200, ok).
/*Tue Sep 29 14:47:32 2026*/ request(248, 1790704052.069, [peer(ip(10,1,0,51)),method(get),request_uri('/materias'),path('/materias'),http_version(1-1),host(localhost),port(8083)]).
completed(248, 0.001637, 412, 200, ok).
/*Tue Sep 29 14:48:09 2026*/ request(249, 1790704089.010, [peer(ip(10,1,0,51)),method(get),request_uri('/alumnos/151'),path('/alumnos/151'),http_version(1-1),host(localhost),port(8083)]).
completed(249, 0.003187, 234, 200, ok).
/*Tue Sep 29 14:48:35 2026*/ request(250, 1790704115.541, [peer(ip(10,1,0,51)),method(get),request_uri('/materias/fisica/promedio'),path('/materias/fisica/promedio'),http_version(1-1),host(localhost),port(8083)]).
completed(250, 0.001860, 54, 200, ok).
/*Tue Sep 29 14:49:14 2026*/ request(251, 1790704154.747, [peer(ip(10,1,0,51)),method(get),request_uri('/alumnos/151'),path('/alumnos/151'),http_version(1-1),host(localhost),port(8083)]).
completed(251, 0.001174, 185, 200, ok).
/*Tue Sep 29 14:49:23 2026*/ request(252, 1790704163.120, [peer(ip(10,1,0,51)),method(get),request_uri('/materias/analisis/promedio'),path('/materias/analisis/promedio'),http_version(1-1),host(localhost),port(8083)]).
completed(252, 0.003094, 42, 200, ok).
/*Tue Sep 29 15:02:00 2026*/ request(253, 1790704920.849, [peer(ip(10,1,0,53)),method(post),request_uri('/sesion'),path('/sesion'),http_version(1-1),host(localhost),port(8083)]).
completed(253, 0.048883, 98, 200, ok).
/*Tue Sep 29 15:02:28 2026*/ request(254, 1790704948.119, [peer(ip(10,1,0,53)),method(get),request_uri('/ranking'),path('/ranking'),http_version(1-1),host(localhost),port(8083)]).
completed(254, 0.001062, 958, 200, ok).
/*Tue Sep 29 15:02:53 2026*/ request(255, 1790704973.896, [peer(ip(10,1,0,53)),method(get),request_uri('/materias'),path('/materias'),http_version(1-1),host(localhost),port(8083)]).
completed(255, 0.002784, 412, 200, ok).
/*Tue Sep 29 15:05:00 2026*/ request(256, 1790705100.368, [peer(ip(198,51,100,23)),method(post),request_uri('/sesion'),path('/sesion'),http_version(1-1),host(localhost),port(8083)]).
completed(256, 0.044301, 36, 401, ok).
/*Tue Sep 29 15:07:01 2026*/ request(257, 1790705221.846, [peer(ip(198,51,100,23)),method(post),request_uri('/sesion'),path('/sesion'),http_version(1-1),host(localhost),port(8083)]).
completed(257, 0.042479, 36, 401, ok).
/*Tue Sep 29 15:09:31 2026*/ request(258, 1790705371.504, [peer(ip(198,51,100,23)),method(post),request_uri('/sesion'),path('/sesion'),http_version(1-1),host(localhost),port(8083)]).
completed(258, 0.049383, 36, 401, ok).
/*Tue Sep 29 15:12:05 2026*/ request(259, 1790705525.894, [peer(ip(198,51,100,23)),method(post),request_uri('/sesion'),path('/sesion'),http_version(1-1),host(localhost),port(8083)]).
completed(259, 0.049539, 36, 401, ok).
/*Tue Sep 29 15:14:01 2026*/ request(260, 1790705641.326, [peer(ip(198,51,100,23)),method(post),request_uri('/sesion'),path('/sesion'),http_version(1-1),host(localhost),port(8083)]).
completed(260, 0.042207, 36, 401, ok).
/*Tue Sep 29 15:16:12 2026*/ request(261, 1790705772.048, [peer(ip(198,51,100,23)),method(post),request_uri('/sesion'),path('/sesion'),http_version(1-1),host(localhost),port(8083)]).
completed(261, 0.042407, 36, 401, ok).
/*Tue Sep 29 15:18:42 2026*/ request(262, 1790705922.367, [peer(ip(198,51,100,23)),method(post),request_uri('/sesion'),path('/sesion'),http_version(1-1),host(localhost),port(8083)]).
completed(262, 0.048585, 36, 401, ok).
/*Tue Sep 29 15:20:34 2026*/ request(263, 1790706034.118, [peer(ip(198,51,100,23)),method(post),request_uri('/sesion'),path('/sesion'),http_version(1-1),host(localhost),port(8083)]).
completed(263, 0.042394, 36, 401, ok).
/*Tue Sep 29 15:21:31 2026*/ request(264, 1790706091.221, [peer(ip(10,1,0,35)),method(post),request_uri('/sesion'),path('/sesion'),http_version(1-1),host(localhost),port(8083)]).
completed(264, 0.046122, 98, 200, ok).
/*Tue Sep 29 15:21:53 2026*/ request(265, 1790706113.648, [peer(ip(10,1,0,35)),method(get),request_uri('/materias/sistemas/promedio'),path('/materias/sistemas/promedio'),http_version(1-1),host(localhost),port(8083)]).
completed(265, 0.001805, 58, 200, ok).
/*Tue Sep 29 15:21:56 2026*/ request(266, 1790706116.671, [peer(ip(10,1,0,35)),method(get),request_uri('/materias'),path('/materias'),http_version(1-1),host(localhost),port(8083)]).
completed(266, 0.002631, 412, 200, ok).
/*Tue Sep 29 15:22:01 2026*/ request(267, 1790706121.688, [peer(ip(10,1,0,35)),method(post),request_uri('/mis-inscripciones'),path('/mis-inscripciones'),http_version(1-1),host(localhost),port(8083)]).
completed(267, 0.001057, 17, 200, ok).
/*Tue Sep 29 15:22:03 2026*/ request(268, 1790706123.199, [peer(ip(198,51,100,23)),method(post),request_uri('/sesion'),path('/sesion'),http_version(1-1),host(localhost),port(8083)]).
completed(268, 0.045269, 36, 401, ok).
/*Tue Sep 29 15:22:19 2026*/ request(269, 1790706139.482, [peer(ip(10,1,0,35)),method(get),request_uri('/ranking'),path('/ranking'),http_version(1-1),host(localhost),port(8083)]).
completed(269, 0.002410, 1021, 200, ok).
/*Tue Sep 29 15:22:43 2026*/ request(270, 1790706163.493, [peer(ip(10,1,0,35)),method(get),request_uri('/materias'),path('/materias'),http_version(1-1),host(localhost),port(8083)]).
completed(270, 0.002478, 412, 200, ok).
/*Tue Sep 29 15:22:57 2026*/ request(271, 1790706177.454, [peer(ip(10,1,0,35)),method(post),request_uri('/mis-inscripciones'),path('/mis-inscripciones'),http_version(1-1),host(localhost),port(8083)]).
completed(271, 0.002292, 17, 200, ok).
/*Tue Sep 29 15:23:03 2026*/ request(272, 1790706183.153, [peer(ip(10,1,0,35)),method(post),request_uri('/mis-inscripciones'),path('/mis-inscripciones'),http_version(1-1),host(localhost),port(8083)]).
completed(272, 0.002358, 17, 200, ok).
/*Tue Sep 29 15:24:18 2026*/ request(273, 1790706258.164, [peer(ip(198,51,100,23)),method(post),request_uri('/sesion'),path('/sesion'),http_version(1-1),host(localhost),port(8083)]).
completed(273, 0.044838, 36, 401, ok).
/*Tue Sep 29 15:25:43 2026*/ request(274, 1790706343.515, [peer(ip(198,51,100,23)),method(post),request_uri('/sesion'),path('/sesion'),http_version(1-1),host(localhost),port(8083)]).
completed(274, 0.047088, 36, 401, ok).
/*Tue Sep 29 15:28:00 2026*/ request(275, 1790706480.035, [peer(ip(198,51,100,23)),method(post),request_uri('/sesion'),path('/sesion'),http_version(1-1),host(localhost),port(8083)]).
completed(275, 0.048897, 36, 401, ok).
/*Tue Sep 29 15:29:20 2026*/ request(276, 1790706560.552, [peer(ip(10,1,0,7)),method(post),request_uri('/sesion'),path('/sesion'),http_version(1-1),host(localhost),port(8083)]).
completed(276, 0.047714, 98, 200, ok).
/*Tue Sep 29 15:29:34 2026*/ request(277, 1790706574.600, [peer(ip(10,1,0,7)),method(get),request_uri('/alumnos/107'),path('/alumnos/107'),http_version(1-1),host(localhost),port(8083)]).
completed(277, 0.002022, 188, 200, ok).
/*Tue Sep 29 15:30:07 2026*/ request(278, 1790706607.462, [peer(ip(198,51,100,23)),method(post),request_uri('/sesion'),path('/sesion'),http_version(1-1),host(localhost),port(8083)]).
completed(278, 0.048994, 36, 401, ok).
/*Tue Sep 29 15:30:08 2026*/ request(279, 1790706608.789, [peer(ip(10,1,0,7)),method(get),request_uri('/materias'),path('/materias'),http_version(1-1),host(localhost),port(8083)]).
completed(279, 0.002481, 412, 200, ok).
/*Tue Sep 29 15:30:25 2026*/ request(280, 1790706625.579, [peer(ip(10,1,0,7)),method(get),request_uri('/materias'),path('/materias'),http_version(1-1),host(localhost),port(8083)]).
completed(280, 0.003112, 412, 200, ok).
/*Tue Sep 29 15:30:34 2026*/ request(281, 1790706634.626, [peer(ip(10,1,0,7)),method(post),request_uri('/mis-inscripciones'),path('/mis-inscripciones'),http_version(1-1),host(localhost),port(8083)]).
completed(281, 0.001239, 17, 200, ok).
/*Tue Sep 29 15:31:12 2026*/ request(282, 1790706672.527, [peer(ip(10,1,0,7)),method(get),request_uri('/materias'),path('/materias'),http_version(1-1),host(localhost),port(8083)]).
completed(282, 0.001575, 412, 200, ok).
/*Tue Sep 29 15:31:38 2026*/ request(283, 1790706698.935, [peer(ip(10,1,0,7)),method(get),request_uri('/materias'),path('/materias'),http_version(1-1),host(localhost),port(8083)]).
completed(283, 0.002375, 412, 200, ok).
/*Tue Sep 29 15:32:15 2026*/ request(284, 1790706735.442, [peer(ip(10,1,0,7)),method(post),request_uri('/mis-inscripciones'),path('/mis-inscripciones'),http_version(1-1),host(localhost),port(8083)]).
completed(284, 0.002832, 17, 200, ok).
/*Tue Sep 29 15:32:30 2026*/ request(285, 1790706750.942, [peer(ip(10,1,0,7)),method(get),request_uri('/alumnos/107'),path('/alumnos/107'),http_version(1-1),host(localhost),port(8083)]).
completed(285, 0.001721, 208, 200, ok).
/*Tue Sep 29 15:32:38 2026*/ request(286, 1790706758.518, [peer(ip(198,51,100,23)),method(post),request_uri('/sesion'),path('/sesion'),http_version(1-1),host(localhost),port(8083)]).
completed(286, 0.049199, 36, 401, ok).
/*Tue Sep 29 15:33:06 2026*/ request(287, 1790706786.580, [peer(ip(10,1,0,7)),method(get),request_uri('/materias/algebra/promedio'),path('/materias/algebra/promedio'),http_version(1-1),host(localhost),port(8083)]).
completed(287, 0.002720, 56, 200, ok).
/*Tue Sep 29 15:33:43 2026*/ request(288, 1790706823.154, [peer(ip(10,1,0,7)),method(get),request_uri('/ranking'),path('/ranking'),http_version(1-1),host(localhost),port(8083)]).
completed(288, 0.002566, 944, 200, ok).
/*Tue Sep 29 15:34:54 2026*/ request(289, 1790706894.991, [peer(ip(198,51,100,23)),method(post),request_uri('/sesion'),path('/sesion'),http_version(1-1),host(localhost),port(8083)]).
completed(289, 0.045745, 36, 401, ok).
/*Tue Sep 29 15:37:11 2026*/ request(290, 1790707031.023, [peer(ip(198,51,100,23)),method(post),request_uri('/sesion'),path('/sesion'),http_version(1-1),host(localhost),port(8083)]).
completed(290, 0.044766, 36, 401, ok).
/*Tue Sep 29 15:39:30 2026*/ request(291, 1790707170.728, [peer(ip(198,51,100,23)),method(post),request_uri('/sesion'),path('/sesion'),http_version(1-1),host(localhost),port(8083)]).
completed(291, 0.046076, 36, 401, ok).
/*Tue Sep 29 15:41:14 2026*/ request(292, 1790707274.617, [peer(ip(198,51,100,23)),method(post),request_uri('/sesion'),path('/sesion'),http_version(1-1),host(localhost),port(8083)]).
completed(292, 0.043144, 36, 401, ok).
/*Tue Sep 29 15:43:40 2026*/ request(293, 1790707420.008, [peer(ip(198,51,100,23)),method(post),request_uri('/sesion'),path('/sesion'),http_version(1-1),host(localhost),port(8083)]).
completed(293, 0.046623, 36, 401, ok).
/*Tue Sep 29 15:45:52 2026*/ request(294, 1790707552.727, [peer(ip(198,51,100,23)),method(post),request_uri('/sesion'),path('/sesion'),http_version(1-1),host(localhost),port(8083)]).
completed(294, 0.043027, 36, 401, ok).
/*Tue Sep 29 15:47:29 2026*/ request(295, 1790707649.097, [peer(ip(198,51,100,23)),method(post),request_uri('/sesion'),path('/sesion'),http_version(1-1),host(localhost),port(8083)]).
completed(295, 0.048789, 36, 401, ok).
/*Tue Sep 29 15:49:18 2026*/ request(296, 1790707758.739, [peer(ip(198,51,100,23)),method(post),request_uri('/sesion'),path('/sesion'),http_version(1-1),host(localhost),port(8083)]).
completed(296, 0.047155, 36, 401, ok).
/*Tue Sep 29 15:51:19 2026*/ request(297, 1790707879.546, [peer(ip(198,51,100,23)),method(post),request_uri('/sesion'),path('/sesion'),http_version(1-1),host(localhost),port(8083)]).
completed(297, 0.043920, 36, 401, ok).
/*Tue Sep 29 15:52:23 2026*/ request(298, 1790707943.399, [peer(ip(10,1,0,34)),method(post),request_uri('/sesion'),path('/sesion'),http_version(1-1),host(localhost),port(8083)]).
completed(298, 0.049269, 36, 401, ok).
/*Tue Sep 29 15:52:37 2026*/ request(299, 1790707957.793, [peer(ip(10,1,0,34)),method(post),request_uri('/sesion'),path('/sesion'),http_version(1-1),host(localhost),port(8083)]).
completed(299, 0.048637, 36, 401, ok).
/*Tue Sep 29 15:52:46 2026*/ request(300, 1790707966.928, [peer(ip(10,1,0,34)),method(post),request_uri('/sesion'),path('/sesion'),http_version(1-1),host(localhost),port(8083)]).
completed(300, 0.049435, 36, 401, ok).
/*Tue Sep 29 15:52:52 2026*/ request(301, 1790707972.785, [peer(ip(10,1,0,34)),method(post),request_uri('/sesion'),path('/sesion'),http_version(1-1),host(localhost),port(8083)]).
completed(301, 0.044523, 98, 200, ok).
/*Tue Sep 29 15:53:09 2026*/ request(302, 1790707989.718, [peer(ip(10,1,0,34)),method(get),request_uri('/materias'),path('/materias'),http_version(1-1),host(localhost),port(8083)]).
completed(302, 0.002315, 412, 200, ok).
/*Tue Sep 29 15:53:15 2026*/ request(303, 1790707995.521, [peer(ip(10,1,0,34)),method(get),request_uri('/materias'),path('/materias'),http_version(1-1),host(localhost),port(8083)]).
completed(303, 0.001032, 412, 200, ok).
/*Tue Sep 29 15:53:27 2026*/ request(304, 1790708007.723, [peer(ip(10,1,0,34)),method(get),request_uri('/alumnos/134'),path('/alumnos/134'),http_version(1-1),host(localhost),port(8083)]).
completed(304, 0.002362, 221, 200, ok).
/*Tue Sep 29 15:53:56 2026*/ request(305, 1790708036.126, [peer(ip(198,51,100,23)),method(post),request_uri('/sesion'),path('/sesion'),http_version(1-1),host(localhost),port(8083)]).
completed(305, 0.043909, 36, 401, ok).
/*Tue Sep 29 15:54:03 2026*/ request(306, 1790708043.877, [peer(ip(10,1,0,34)),method(get),request_uri('/materias'),path('/materias'),http_version(1-1),host(localhost),port(8083)]).
completed(306, 0.003009, 412, 200, ok).
/*Tue Sep 29 15:54:38 2026*/ request(307, 1790708078.668, [peer(ip(10,1,0,34)),method(get),request_uri('/materias'),path('/materias'),http_version(1-1),host(localhost),port(8083)]).
completed(307, 0.002378, 412, 200, ok).
/*Tue Sep 29 15:54:50 2026*/ request(308, 1790708090.574, [peer(ip(10,1,0,34)),method(get),request_uri('/materias'),path('/materias'),http_version(1-1),host(localhost),port(8083)]).
completed(308, 0.002565, 412, 200, ok).
/*Tue Sep 29 15:55:27 2026*/ request(309, 1790708127.904, [peer(ip(10,1,0,34)),method(get),request_uri('/alumnos/134'),path('/alumnos/134'),http_version(1-1),host(localhost),port(8083)]).
completed(309, 0.002771, 241, 200, ok).
/*Tue Sep 29 15:55:30 2026*/ request(310, 1790708130.383, [peer(ip(10,1,0,34)),method(get),request_uri('/materias'),path('/materias'),http_version(1-1),host(localhost),port(8083)]).
completed(310, 0.002785, 412, 200, ok).
/*Tue Sep 29 15:55:34 2026*/ request(311, 1790708134.461, [peer(ip(10,1,0,34)),method(get),request_uri('/alumnos/134'),path('/alumnos/134'),http_version(1-1),host(localhost),port(8083)]).
completed(311, 0.002413, 197, 200, ok).
/*Tue Sep 29 15:56:09 2026*/ request(312, 1790708169.213, [peer(ip(198,51,100,23)),method(post),request_uri('/sesion'),path('/sesion'),http_version(1-1),host(localhost),port(8083)]).
completed(312, 0.048673, 36, 401, ok).
/*Tue Sep 29 15:56:14 2026*/ request(313, 1790708174.105, [peer(ip(10,1,0,34)),method(get),request_uri('/alumnos/134'),path('/alumnos/134'),http_version(1-1),host(localhost),port(8083)]).
completed(313, 0.001854, 194, 200, ok).
/*Tue Sep 29 16:08:32 2026*/ request(314, 1790708912.337, [peer(ip(10,1,0,12)),method(post),request_uri('/sesion'),path('/sesion'),http_version(1-1),host(localhost),port(8083)]).
completed(314, 0.049620, 98, 200, ok).
/*Tue Sep 29 16:08:52 2026*/ request(315, 1790708932.595, [peer(ip(10,1,0,12)),method(post),request_uri('/mis-inscripciones'),path('/mis-inscripciones'),http_version(1-1),host(localhost),port(8083)]).
completed(315, 0.003107, 17, 200, ok).
/*Tue Sep 29 16:09:30 2026*/ request(316, 1790708970.897, [peer(ip(10,1,0,12)),method(get),request_uri('/materias/logica/promedio'),path('/materias/logica/promedio'),http_version(1-1),host(localhost),port(8083)]).
completed(316, 0.003255, 51, 200, ok).
/*Tue Sep 29 16:09:46 2026*/ request(317, 1790708986.819, [peer(ip(10,1,0,12)),method(post),request_uri('/mis-inscripciones'),path('/mis-inscripciones'),http_version(1-1),host(localhost),port(8083)]).
completed(317, 0.001027, 17, 200, ok).
/*Tue Sep 29 16:10:01 2026*/ request(318, 1790709001.478, [peer(ip(10,1,0,12)),method(get),request_uri('/materias'),path('/materias'),http_version(1-1),host(localhost),port(8083)]).
completed(318, 0.002106, 412, 200, ok).
/*Tue Sep 29 16:10:15 2026*/ request(319, 1790709015.114, [peer(ip(10,1,0,12)),method(get),request_uri('/materias/sistemas/promedio'),path('/materias/sistemas/promedio'),http_version(1-1),host(localhost),port(8083)]).
completed(319, 0.002324, 52, 200, ok).
/*Tue Sep 29 16:10:24 2026*/ request(320, 1790709024.767, [peer(ip(10,1,0,12)),method(get),request_uri('/materias/algebra/promedio'),path('/materias/algebra/promedio'),http_version(1-1),host(localhost),port(8083)]).
completed(320, 0.001406, 49, 200, ok).
/*Tue Sep 29 16:10:47 2026*/ request(321, 1790709047.429, [peer(ip(10,1,0,12)),method(get),request_uri('/materias/algebra/promedio'),path('/materias/algebra/promedio'),http_version(1-1),host(localhost),port(8083)]).
completed(321, 0.002376, 44, 200, ok).
/*Tue Sep 29 16:11:11 2026*/ request(322, 1790709071.304, [peer(ip(10,1,0,12)),method(post),request_uri('/mis-inscripciones'),path('/mis-inscripciones'),http_version(1-1),host(localhost),port(8083)]).
completed(322, 0.000865, 17, 200, ok).
/*Tue Sep 29 16:11:14 2026*/ request(323, 1790709074.176, [peer(ip(10,1,0,12)),method(get),request_uri('/materias'),path('/materias'),http_version(1-1),host(localhost),port(8083)]).
completed(323, 0.001315, 412, 200, ok).
/*Tue Sep 29 16:16:54 2026*/ request(324, 1790709414.402, [peer(ip(10,1,0,22)),method(post),request_uri('/sesion'),path('/sesion'),http_version(1-1),host(localhost),port(8083)]).
completed(324, 0.046302, 98, 200, ok).
/*Tue Sep 29 16:17:29 2026*/ request(325, 1790709449.385, [peer(ip(10,1,0,22)),method(get),request_uri('/materias/analisis/promedio'),path('/materias/analisis/promedio'),http_version(1-1),host(localhost),port(8083)]).
completed(325, 0.002940, 53, 200, ok).
/*Tue Sep 29 16:18:02 2026*/ request(326, 1790709482.484, [peer(ip(10,1,0,22)),method(get),request_uri('/alumnos/122'),path('/alumnos/122'),http_version(1-1),host(localhost),port(8083)]).
completed(326, 0.001333, 229, 200, ok).
/*Tue Sep 29 16:18:16 2026*/ request(327, 1790709496.526, [peer(ip(10,1,0,22)),method(get),request_uri('/materias'),path('/materias'),http_version(1-1),host(localhost),port(8083)]).
completed(327, 0.000840, 412, 200, ok).
/*Tue Sep 29 16:18:48 2026*/ request(328, 1790709528.436, [peer(ip(10,1,0,22)),method(get),request_uri('/alumnos/122'),path('/alumnos/122'),http_version(1-1),host(localhost),port(8083)]).
completed(328, 0.001373, 251, 200, ok).
/*Tue Sep 29 16:30:46 2026*/ request(329, 1790710246.977, [peer(ip(10,1,0,60)),method(post),request_uri('/sesion'),path('/sesion'),http_version(1-1),host(localhost),port(8083)]).
completed(329, 0.043495, 36, 401, ok).
/*Tue Sep 29 16:30:50 2026*/ request(330, 1790710250.716, [peer(ip(10,1,0,60)),method(post),request_uri('/sesion'),path('/sesion'),http_version(1-1),host(localhost),port(8083)]).
completed(330, 0.047601, 98, 200, ok).
/*Tue Sep 29 16:31:20 2026*/ request(331, 1790710280.203, [peer(ip(10,1,0,60)),method(get),request_uri('/materias/sistemas/promedio'),path('/materias/sistemas/promedio'),http_version(1-1),host(localhost),port(8083)]).
completed(331, 0.002456, 41, 200, ok).
/*Tue Sep 29 16:31:27 2026*/ request(332, 1790710287.902, [peer(ip(10,1,0,60)),method(get),request_uri('/materias/fisica/promedio'),path('/materias/fisica/promedio'),http_version(1-1),host(localhost),port(8083)]).
completed(332, 0.001577, 45, 200, ok).
/*Tue Sep 29 16:32:05 2026*/ request(333, 1790710325.563, [peer(ip(10,1,0,60)),method(get),request_uri('/materias/logica/promedio'),path('/materias/logica/promedio'),http_version(1-1),host(localhost),port(8083)]).
completed(333, 0.001705, 58, 200, ok).
/*Tue Sep 29 16:32:08 2026*/ request(334, 1790710328.283, [peer(ip(10,1,0,60)),method(post),request_uri('/mis-inscripciones'),path('/mis-inscripciones'),http_version(1-1),host(localhost),port(8083)]).
completed(334, 0.001648, 17, 200, ok).
/*Tue Sep 29 16:32:34 2026*/ request(335, 1790710354.501, [peer(ip(10,1,0,60)),method(get),request_uri('/materias'),path('/materias'),http_version(1-1),host(localhost),port(8083)]).
completed(335, 0.000869, 412, 200, ok).
/*Tue Sep 29 16:32:37 2026*/ request(336, 1790710357.823, [peer(ip(10,1,0,60)),method(post),request_uri('/mis-inscripciones'),path('/mis-inscripciones'),http_version(1-1),host(localhost),port(8083)]).
completed(336, 0.003046, 17, 200, ok).
/*Tue Sep 29 16:33:05 2026*/ request(337, 1790710385.123, [peer(ip(10,1,0,60)),method(get),request_uri('/alumnos/160'),path('/alumnos/160'),http_version(1-1),host(localhost),port(8083)]).
completed(337, 0.001172, 221, 200, ok).
/*Tue Sep 29 16:33:38 2026*/ request(338, 1790710418.601, [peer(ip(10,1,0,60)),method(get),request_uri('/materias'),path('/materias'),http_version(1-1),host(localhost),port(8083)]).
completed(338, 0.002716, 412, 200, ok).
/*Tue Sep 29 16:34:04 2026*/ request(339, 1790710444.222, [peer(ip(10,1,0,60)),method(get),request_uri('/materias'),path('/materias'),http_version(1-1),host(localhost),port(8083)]).
completed(339, 0.001265, 412, 200, ok).
/*Tue Sep 29 16:46:45 2026*/ request(340, 1790711205.953, [peer(ip(10,1,0,15)),method(post),request_uri('/sesion'),path('/sesion'),http_version(1-1),host(localhost),port(8083)]).
completed(340, 0.049467, 36, 401, ok).
/*Tue Sep 29 16:46:59 2026*/ request(341, 1790711219.184, [peer(ip(10,1,0,15)),method(post),request_uri('/sesion'),path('/sesion'),http_version(1-1),host(localhost),port(8083)]).
completed(341, 0.045300, 98, 200, ok).
/*Tue Sep 29 16:47:13 2026*/ request(342, 1790711233.577, [peer(ip(10,1,0,15)),method(get),request_uri('/alumnos/115'),path('/alumnos/115'),http_version(1-1),host(localhost),port(8083)]).
completed(342, 0.002970, 213, 200, ok).
/*Tue Sep 29 16:47:46 2026*/ request(343, 1790711266.287, [peer(ip(10,1,0,15)),method(post),request_uri('/mis-inscripciones'),path('/mis-inscripciones'),http_version(1-1),host(localhost),port(8083)]).
completed(343, 0.001275, 17, 200, ok).
/*Tue Sep 29 16:47:58 2026*/ request(344, 1790711278.339, [peer(ip(10,1,0,15)),method(get),request_uri('/materias/sistemas/promedio'),path('/materias/sistemas/promedio'),http_version(1-1),host(localhost),port(8083)]).
completed(344, 0.001353, 44, 200, ok).
/*Tue Sep 29 16:48:31 2026*/ request(345, 1790711311.641, [peer(ip(10,1,0,15)),method(post),request_uri('/mis-inscripciones'),path('/mis-inscripciones'),http_version(1-1),host(localhost),port(8083)]).
completed(345, 0.003087, 41, 409, ok).
/*Tue Sep 29 16:48:53 2026*/ request(346, 1790711333.753, [peer(ip(10,1,0,15)),method(get),request_uri('/materias'),path('/materias'),http_version(1-1),host(localhost),port(8083)]).
completed(346, 0.001097, 412, 200, ok).
/*Tue Sep 29 16:49:22 2026*/ request(347, 1790711362.550, [peer(ip(10,1,0,15)),method(get),request_uri('/materias'),path('/materias'),http_version(1-1),host(localhost),port(8083)]).
completed(347, 0.002399, 412, 200, ok).
/*Tue Sep 29 16:49:35 2026*/ request(348, 1790711375.732, [peer(ip(10,1,0,15)),method(get),request_uri('/materias'),path('/materias'),http_version(1-1),host(localhost),port(8083)]).
completed(348, 0.001757, 412, 200, ok).
/*Tue Sep 29 16:49:54 2026*/ request(349, 1790711394.585, [peer(ip(10,1,0,15)),method(get),request_uri('/materias'),path('/materias'),http_version(1-1),host(localhost),port(8083)]).
completed(349, 0.003267, 412, 200, ok).
/*Tue Sep 29 16:50:22 2026*/ request(350, 1790711422.007, [peer(ip(10,1,0,15)),method(get),request_uri('/materias/sistemas/promedio'),path('/materias/sistemas/promedio'),http_version(1-1),host(localhost),port(8083)]).
completed(350, 0.002947, 41, 200, ok).
/*Tue Sep 29 16:50:37 2026*/ request(351, 1790711437.634, [peer(ip(10,1,0,15)),method(get),request_uri('/ranking'),path('/ranking'),http_version(1-1),host(localhost),port(8083)]).
completed(351, 0.002147, 1044, 200, ok).
/*Tue Sep 29 17:01:27 2026*/ request(352, 1790712087.624, [peer(ip(10,1,0,20)),method(post),request_uri('/sesion'),path('/sesion'),http_version(1-1),host(localhost),port(8083)]).
completed(352, 0.045887, 98, 200, ok).
/*Tue Sep 29 17:01:53 2026*/ request(353, 1790712113.210, [peer(ip(10,1,0,20)),method(get),request_uri('/materias'),path('/materias'),http_version(1-1),host(localhost),port(8083)]).
completed(353, 0.001307, 412, 200, ok).
/*Tue Sep 29 17:01:57 2026*/ request(354, 1790712117.314, [peer(ip(10,1,0,20)),method(post),request_uri('/mis-inscripciones'),path('/mis-inscripciones'),http_version(1-1),host(localhost),port(8083)]).
completed(354, 0.001732, 17, 200, ok).
/*Tue Sep 29 17:02:04 2026*/ request(355, 1790712124.104, [peer(ip(10,1,0,20)),method(get),request_uri('/materias'),path('/materias'),http_version(1-1),host(localhost),port(8083)]).
completed(355, 0.002282, 412, 200, ok).
/*Tue Sep 29 17:02:32 2026*/ request(356, 1790712152.000, [peer(ip(10,1,0,20)),method(get),request_uri('/materias/analisis/promedio'),path('/materias/analisis/promedio'),http_version(1-1),host(localhost),port(8083)]).
completed(356, 0.002372, 53, 200, ok).
/*Tue Sep 29 17:02:41 2026*/ request(357, 1790712161.992, [peer(ip(10,1,0,20)),method(post),request_uri('/mis-inscripciones'),path('/mis-inscripciones'),http_version(1-1),host(localhost),port(8083)]).
completed(357, 0.000943, 41, 409, ok).
/*Tue Sep 29 17:03:02 2026*/ request(358, 1790712182.454, [peer(ip(10,1,0,20)),method(get),request_uri('/materias'),path('/materias'),http_version(1-1),host(localhost),port(8083)]).
completed(358, 0.002908, 412, 200, ok).
/*Tue Sep 29 17:16:37 2026*/ request(359, 1790712997.800, [peer(ip(10,1,0,19)),method(post),request_uri('/sesion'),path('/sesion'),http_version(1-1),host(localhost),port(8083)]).
completed(359, 0.043773, 98, 200, ok).
/*Tue Sep 29 17:16:45 2026*/ request(360, 1790713005.269, [peer(ip(10,1,0,19)),method(post),request_uri('/mis-inscripciones'),path('/mis-inscripciones'),http_version(1-1),host(localhost),port(8083)]).
completed(360, 0.002085, 41, 409, ok).
/*Tue Sep 29 17:17:06 2026*/ request(361, 1790713026.092, [peer(ip(10,1,0,19)),method(get),request_uri('/ranking'),path('/ranking'),http_version(1-1),host(localhost),port(8083)]).
completed(361, 0.002813, 955, 200, ok).
/*Tue Sep 29 17:17:13 2026*/ request(362, 1790713033.526, [peer(ip(10,1,0,19)),method(get),request_uri('/ranking'),path('/ranking'),http_version(1-1),host(localhost),port(8083)]).
completed(362, 0.002806, 1038, 200, ok).
/*Tue Sep 29 17:17:44 2026*/ request(363, 1790713064.018, [peer(ip(10,1,0,19)),method(get),request_uri('/alumnos/119'),path('/alumnos/119'),http_version(1-1),host(localhost),port(8083)]).
completed(363, 0.001028, 202, 200, ok).
/*Tue Sep 29 17:18:03 2026*/ request(364, 1790713083.718, [peer(ip(10,1,0,19)),method(get),request_uri('/materias'),path('/materias'),http_version(1-1),host(localhost),port(8083)]).
completed(364, 0.001664, 412, 200, ok).
/*Tue Sep 29 17:18:35 2026*/ request(365, 1790713115.321, [peer(ip(10,1,0,19)),method(get),request_uri('/materias/logica/promedio'),path('/materias/logica/promedio'),http_version(1-1),host(localhost),port(8083)]).
completed(365, 0.002097, 45, 200, ok).
/*Tue Sep 29 17:27:12 2026*/ request(366, 1790713632.567, [peer(ip(10,1,0,60)),method(post),request_uri('/sesion'),path('/sesion'),http_version(1-1),host(localhost),port(8083)]).
completed(366, 0.048131, 98, 200, ok).
/*Tue Sep 29 17:27:39 2026*/ request(367, 1790713659.336, [peer(ip(10,1,0,60)),method(get),request_uri('/materias/sistemas/promedio'),path('/materias/sistemas/promedio'),http_version(1-1),host(localhost),port(8083)]).
completed(367, 0.002906, 54, 200, ok).
/*Tue Sep 29 17:28:06 2026*/ request(368, 1790713686.090, [peer(ip(10,1,0,60)),method(get),request_uri('/alumnos/160'),path('/alumnos/160'),http_version(1-1),host(localhost),port(8083)]).
completed(368, 0.001434, 209, 200, ok).
/*Tue Sep 29 17:28:09 2026*/ request(369, 1790713689.557, [peer(ip(10,1,0,60)),method(get),request_uri('/materias'),path('/materias'),http_version(1-1),host(localhost),port(8083)]).
completed(369, 0.002720, 412, 200, ok).
/*Tue Sep 29 17:28:29 2026*/ request(370, 1790713709.460, [peer(ip(10,1,0,60)),method(post),request_uri('/mis-inscripciones'),path('/mis-inscripciones'),http_version(1-1),host(localhost),port(8083)]).
completed(370, 0.001934, 17, 200, ok).
/*Tue Sep 29 17:28:33 2026*/ request(371, 1790713713.367, [peer(ip(10,1,0,60)),method(get),request_uri('/materias'),path('/materias'),http_version(1-1),host(localhost),port(8083)]).
completed(371, 0.002326, 412, 200, ok).
/*Tue Sep 29 17:28:44 2026*/ request(372, 1790713724.361, [peer(ip(10,1,0,60)),method(get),request_uri('/materias'),path('/materias'),http_version(1-1),host(localhost),port(8083)]).
completed(372, 0.001869, 412, 200, ok).
/*Tue Sep 29 17:29:20 2026*/ request(373, 1790713760.272, [peer(ip(10,1,0,60)),method(get),request_uri('/ranking'),path('/ranking'),http_version(1-1),host(localhost),port(8083)]).
completed(373, 0.001495, 927, 200, ok).
/*Tue Sep 29 17:29:52 2026*/ request(374, 1790713792.052, [peer(ip(10,1,0,60)),method(get),request_uri('/ranking'),path('/ranking'),http_version(1-1),host(localhost),port(8083)]).
completed(374, 0.001991, 993, 200, ok).
/*Tue Sep 29 17:42:56 2026*/ request(375, 1790714576.174, [peer(ip(10,1,0,24)),method(post),request_uri('/sesion'),path('/sesion'),http_version(1-1),host(localhost),port(8083)]).
completed(375, 0.042321, 98, 200, ok).
/*Tue Sep 29 17:43:21 2026*/ request(376, 1790714601.802, [peer(ip(10,1,0,24)),method(post),request_uri('/mis-inscripciones'),path('/mis-inscripciones'),http_version(1-1),host(localhost),port(8083)]).
completed(376, 0.001913, 17, 200, ok).
/*Tue Sep 29 17:43:27 2026*/ request(377, 1790714607.136, [peer(ip(10,1,0,24)),method(get),request_uri('/ranking'),path('/ranking'),http_version(1-1),host(localhost),port(8083)]).
completed(377, 0.001960, 934, 200, ok).
/*Tue Sep 29 17:43:37 2026*/ request(378, 1790714617.927, [peer(ip(10,1,0,24)),method(get),request_uri('/materias/sistemas/promedio'),path('/materias/sistemas/promedio'),http_version(1-1),host(localhost),port(8083)]).
completed(378, 0.001720, 40, 200, ok).
/*Tue Sep 29 17:43:44 2026*/ request(379, 1790714624.081, [peer(ip(10,1,0,24)),method(post),request_uri('/mis-inscripciones'),path('/mis-inscripciones'),http_version(1-1),host(localhost),port(8083)]).
completed(379, 0.003204, 17, 200, ok).
/*Tue Sep 29 17:44:00 2026*/ request(380, 1790714640.360, [peer(ip(10,1,0,24)),method(get),request_uri('/alumnos/124'),path('/alumnos/124'),http_version(1-1),host(localhost),port(8083)]).
completed(380, 0.001481, 248, 200, ok).
/*Tue Sep 29 17:44:23 2026*/ request(381, 1790714663.675, [peer(ip(10,1,0,24)),method(get),request_uri('/materias/sistemas/promedio'),path('/materias/sistemas/promedio'),http_version(1-1),host(localhost),port(8083)]).
completed(381, 0.001159, 58, 200, ok).
/*Tue Sep 29 17:44:53 2026*/ request(382, 1790714693.036, [peer(ip(10,1,0,24)),method(post),request_uri('/mis-inscripciones'),path('/mis-inscripciones'),http_version(1-1),host(localhost),port(8083)]).
completed(382, 0.000942, 41, 409, ok).
/*Tue Sep 29 17:49:56 2026*/ request(383, 1790714996.785, [peer(ip(10,1,0,45)),method(post),request_uri('/sesion'),path('/sesion'),http_version(1-1),host(localhost),port(8083)]).
completed(383, 0.044085, 98, 200, ok).
/*Tue Sep 29 17:50:22 2026*/ request(384, 1790715022.064, [peer(ip(10,1,0,45)),method(get),request_uri('/alumnos/145'),path('/alumnos/145'),http_version(1-1),host(localhost),port(8083)]).
completed(384, 0.003010, 252, 200, ok).
/*Tue Sep 29 17:50:25 2026*/ request(385, 1790715025.210, [peer(ip(10,1,0,45)),method(post),request_uri('/mis-inscripciones'),path('/mis-inscripciones'),http_version(1-1),host(localhost),port(8083)]).
completed(385, 0.001085, 17, 200, ok).
/*Tue Sep 29 17:50:46 2026*/ request(386, 1790715046.035, [peer(ip(10,1,0,45)),method(get),request_uri('/materias'),path('/materias'),http_version(1-1),host(localhost),port(8083)]).
completed(386, 0.000919, 412, 200, ok).
/*Tue Sep 29 17:51:13 2026*/ request(387, 1790715073.220, [peer(ip(10,1,0,45)),method(get),request_uri('/materias'),path('/materias'),http_version(1-1),host(localhost),port(8083)]).
completed(387, 0.002388, 412, 200, ok).
/*Tue Sep 29 17:51:19 2026*/ request(388, 1790715079.166, [peer(ip(10,1,0,45)),method(get),request_uri('/ranking'),path('/ranking'),http_version(1-1),host(localhost),port(8083)]).
completed(388, 0.001185, 938, 200, ok).
/*Tue Sep 29 17:51:42 2026*/ request(389, 1790715102.678, [peer(ip(10,1,0,45)),method(get),request_uri('/materias/logica/promedio'),path('/materias/logica/promedio'),http_version(1-1),host(localhost),port(8083)]).
completed(389, 0.002825, 59, 200, ok).
/*Tue Sep 29 17:51:57 2026*/ request(390, 1790715117.631, [peer(ip(10,1,0,45)),method(get),request_uri('/alumnos/145'),path('/alumnos/145'),http_version(1-1),host(localhost),port(8083)]).
completed(390, 0.003217, 228, 200, ok).
/*Tue Sep 29 17:52:23 2026*/ request(391, 1790715143.312, [peer(ip(10,1,0,45)),method(get),request_uri('/materias'),path('/materias'),http_version(1-1),host(localhost),port(8083)]).
completed(391, 0.001197, 412, 200, ok).
/*Tue Sep 29 18:03:00 2026*/ request(392, 1790715780.677, [peer(ip(10,1,0,56)),method(post),request_uri('/sesion'),path('/sesion'),http_version(1-1),host(localhost),port(8083)]).
completed(392, 0.047103, 98, 200, ok).
/*Tue Sep 29 18:03:10 2026*/ request(393, 1790715790.346, [peer(ip(10,1,0,56)),method(get),request_uri('/materias'),path('/materias'),http_version(1-1),host(localhost),port(8083)]).
completed(393, 0.002078, 412, 200, ok).
/*Tue Sep 29 18:03:17 2026*/ request(394, 1790715797.413, [peer(ip(10,1,0,56)),method(post),request_uri('/mis-inscripciones'),path('/mis-inscripciones'),http_version(1-1),host(localhost),port(8083)]).
completed(394, 0.001692, 41, 409, ok).
/*Tue Sep 29 18:03:47 2026*/ request(395, 1790715827.214, [peer(ip(10,1,0,56)),method(post),request_uri('/mis-inscripciones'),path('/mis-inscripciones'),http_version(1-1),host(localhost),port(8083)]).
completed(395, 0.002776, 17, 200, ok).
/*Tue Sep 29 18:04:05 2026*/ request(396, 1790715845.171, [peer(ip(10,1,0,56)),method(get),request_uri('/materias/logica/promedio'),path('/materias/logica/promedio'),http_version(1-1),host(localhost),port(8083)]).
completed(396, 0.002717, 56, 200, ok).
/*Tue Sep 29 18:17:48 2026*/ request(397, 1790716668.707, [peer(ip(10,1,0,27)),method(post),request_uri('/sesion'),path('/sesion'),http_version(1-1),host(localhost),port(8083)]).
completed(397, 0.042516, 36, 401, ok).
/*Tue Sep 29 18:17:53 2026*/ request(398, 1790716673.141, [peer(ip(10,1,0,27)),method(post),request_uri('/sesion'),path('/sesion'),http_version(1-1),host(localhost),port(8083)]).
completed(398, 0.045189, 36, 401, ok).
/*Tue Sep 29 18:17:59 2026*/ request(399, 1790716679.845, [peer(ip(10,1,0,27)),method(post),request_uri('/sesion'),path('/sesion'),http_version(1-1),host(localhost),port(8083)]).
completed(399, 0.045987, 36, 401, ok).
/*Tue Sep 29 18:18:08 2026*/ request(400, 1790716688.992, [peer(ip(10,1,0,27)),method(post),request_uri('/sesion'),path('/sesion'),http_version(1-1),host(localhost),port(8083)]).
completed(400, 0.043033, 98, 200, ok).
/*Tue Sep 29 18:18:27 2026*/ request(401, 1790716707.664, [peer(ip(10,1,0,27)),method(get),request_uri('/alumnos/127'),path('/alumnos/127'),http_version(1-1),host(localhost),port(8083)]).
completed(401, 0.000918, 226, 200, ok).
/*Tue Sep 29 18:18:54 2026*/ request(402, 1790716734.484, [peer(ip(10,1,0,27)),method(get),request_uri('/materias'),path('/materias'),http_version(1-1),host(localhost),port(8083)]).
completed(402, 0.003134, 412, 200, ok).
/*Tue Sep 29 18:19:00 2026*/ request(403, 1790716740.985, [peer(ip(10,1,0,27)),method(get),request_uri('/alumnos/127'),path('/alumnos/127'),http_version(1-1),host(localhost),port(8083)]).
completed(403, 0.002806, 227, 200, ok).
/*Tue Sep 29 18:19:23 2026*/ request(404, 1790716763.362, [peer(ip(10,1,0,27)),method(get),request_uri('/materias'),path('/materias'),http_version(1-1),host(localhost),port(8083)]).
completed(404, 0.003232, 412, 200, ok).
/*Tue Sep 29 18:19:29 2026*/ request(405, 1790716769.890, [peer(ip(10,1,0,27)),method(get),request_uri('/materias'),path('/materias'),http_version(1-1),host(localhost),port(8083)]).
completed(405, 0.001177, 412, 200, ok).
/*Tue Sep 29 18:19:33 2026*/ request(406, 1790716773.886, [peer(ip(10,1,0,27)),method(get),request_uri('/materias'),path('/materias'),http_version(1-1),host(localhost),port(8083)]).
completed(406, 0.002069, 412, 200, ok).
/*Tue Sep 29 18:19:53 2026*/ request(407, 1790716793.268, [peer(ip(10,1,0,27)),method(post),request_uri('/mis-inscripciones'),path('/mis-inscripciones'),http_version(1-1),host(localhost),port(8083)]).
completed(407, 0.003203, 17, 200, ok).
/*Tue Sep 29 18:20:00 2026*/ request(408, 1790716800.049, [peer(ip(10,1,0,27)),method(get),request_uri('/materias/logica/promedio'),path('/materias/logica/promedio'),http_version(1-1),host(localhost),port(8083)]).
completed(408, 0.002286, 49, 200, ok).
/*Tue Sep 29 18:20:03 2026*/ request(409, 1790716803.935, [peer(ip(10,1,0,27)),method(get),request_uri('/materias'),path('/materias'),http_version(1-1),host(localhost),port(8083)]).
completed(409, 0.000807, 412, 200, ok).
/*Tue Sep 29 18:42:23 2026*/ request(410, 1790718143.329, [peer(ip(10,1,0,19)),method(post),request_uri('/sesion'),path('/sesion'),http_version(1-1),host(localhost),port(8083)]).
completed(410, 0.046141, 36, 401, ok).
/*Tue Sep 29 18:42:30 2026*/ request(411, 1790718150.916, [peer(ip(10,1,0,19)),method(post),request_uri('/sesion'),path('/sesion'),http_version(1-1),host(localhost),port(8083)]).
completed(411, 0.048589, 98, 200, ok).
/*Tue Sep 29 18:42:44 2026*/ request(412, 1790718164.053, [peer(ip(10,1,0,19)),method(get),request_uri('/alumnos/119'),path('/alumnos/119'),http_version(1-1),host(localhost),port(8083)]).
completed(412, 0.001062, 180, 200, ok).
/*Tue Sep 29 18:43:03 2026*/ request(413, 1790718183.504, [peer(ip(10,1,0,19)),method(post),request_uri('/mis-inscripciones'),path('/mis-inscripciones'),http_version(1-1),host(localhost),port(8083)]).
completed(413, 0.003007, 17, 200, ok).
/*Tue Sep 29 18:43:43 2026*/ request(414, 1790718223.810, [peer(ip(10,1,0,19)),method(get),request_uri('/materias'),path('/materias'),http_version(1-1),host(localhost),port(8083)]).
completed(414, 0.001492, 412, 200, ok).
/*Tue Sep 29 18:44:21 2026*/ request(415, 1790718261.153, [peer(ip(10,1,0,19)),method(get),request_uri('/materias'),path('/materias'),http_version(1-1),host(localhost),port(8083)]).
completed(415, 0.002077, 412, 200, ok).
/*Tue Sep 29 18:45:57 2026*/ request(416, 1790718357.045, [peer(ip(10,1,0,48)),method(post),request_uri('/sesion'),path('/sesion'),http_version(1-1),host(localhost),port(8083)]).
completed(416, 0.044535, 98, 200, ok).
/*Tue Sep 29 18:46:23 2026*/ request(417, 1790718383.065, [peer(ip(10,1,0,48)),method(post),request_uri('/mis-inscripciones'),path('/mis-inscripciones'),http_version(1-1),host(localhost),port(8083)]).
completed(417, 0.003116, 17, 200, ok).
/*Tue Sep 29 18:46:32 2026*/ request(418, 1790718392.742, [peer(ip(10,1,0,48)),method(post),request_uri('/mis-inscripciones'),path('/mis-inscripciones'),http_version(1-1),host(localhost),port(8083)]).
completed(418, 0.001232, 17, 200, ok).
/*Tue Sep 29 18:46:46 2026*/ request(419, 1790718406.802, [peer(ip(10,1,0,48)),method(get),request_uri('/ranking'),path('/ranking'),http_version(1-1),host(localhost),port(8083)]).
completed(419, 0.002774, 997, 200, ok).
/*Tue Sep 29 18:46:49 2026*/ request(420, 1790718409.029, [peer(ip(10,1,0,48)),method(get),request_uri('/materias'),path('/materias'),http_version(1-1),host(localhost),port(8083)]).
completed(420, 0.001087, 412, 200, ok).
/*Tue Sep 29 18:47:08 2026*/ request(421, 1790718428.917, [peer(ip(10,1,0,48)),method(get),request_uri('/ranking'),path('/ranking'),http_version(1-1),host(localhost),port(8083)]).
completed(421, 0.003173, 1001, 200, ok).
/*Tue Sep 29 19:01:29 2026*/ request(422, 1790719289.668, [peer(ip(10,1,0,25)),method(post),request_uri('/sesion'),path('/sesion'),http_version(1-1),host(localhost),port(8083)]).
completed(422, 0.047236, 98, 200, ok).
/*Tue Sep 29 19:02:09 2026*/ request(423, 1790719329.080, [peer(ip(10,1,0,25)),method(post),request_uri('/mis-inscripciones'),path('/mis-inscripciones'),http_version(1-1),host(localhost),port(8083)]).
completed(423, 0.001731, 17, 200, ok).
/*Tue Sep 29 19:02:17 2026*/ request(424, 1790719337.106, [peer(ip(10,1,0,25)),method(get),request_uri('/materias'),path('/materias'),http_version(1-1),host(localhost),port(8083)]).
completed(424, 0.001828, 412, 200, ok).
/*Tue Sep 29 19:02:57 2026*/ request(425, 1790719377.869, [peer(ip(10,1,0,25)),method(post),request_uri('/mis-inscripciones'),path('/mis-inscripciones'),http_version(1-1),host(localhost),port(8083)]).
completed(425, 0.002000, 17, 200, ok).
/*Tue Sep 29 19:03:00 2026*/ request(426, 1790719380.619, [peer(ip(10,1,0,25)),method(get),request_uri('/materias/analisis/promedio'),path('/materias/analisis/promedio'),http_version(1-1),host(localhost),port(8083)]).
completed(426, 0.001054, 46, 200, ok).
/*Tue Sep 29 19:03:18 2026*/ request(427, 1790719398.430, [peer(ip(10,1,0,25)),method(get),request_uri('/materias'),path('/materias'),http_version(1-1),host(localhost),port(8083)]).
completed(427, 0.001750, 412, 200, ok).
/*Tue Sep 29 19:22:47 2026*/ request(428, 1790720567.397, [peer(ip(10,1,0,55)),method(post),request_uri('/sesion'),path('/sesion'),http_version(1-1),host(localhost),port(8083)]).
completed(428, 0.042468, 98, 200, ok).
/*Tue Sep 29 19:22:51 2026*/ request(429, 1790720571.469, [peer(ip(10,1,0,55)),method(get),request_uri('/alumnos/155'),path('/alumnos/155'),http_version(1-1),host(localhost),port(8083)]).
completed(429, 0.002900, 252, 200, ok).
/*Tue Sep 29 19:23:30 2026*/ request(430, 1790720610.151, [peer(ip(10,1,0,55)),method(post),request_uri('/mis-inscripciones'),path('/mis-inscripciones'),http_version(1-1),host(localhost),port(8083)]).
completed(430, 0.001531, 17, 200, ok).
/*Tue Sep 29 19:24:03 2026*/ request(431, 1790720643.842, [peer(ip(10,1,0,55)),method(get),request_uri('/alumnos/155'),path('/alumnos/155'),http_version(1-1),host(localhost),port(8083)]).
completed(431, 0.001551, 235, 200, ok).
/*Tue Sep 29 19:24:33 2026*/ request(432, 1790720673.595, [peer(ip(10,1,0,55)),method(get),request_uri('/materias'),path('/materias'),http_version(1-1),host(localhost),port(8083)]).
completed(432, 0.002178, 412, 200, ok).
/*Tue Sep 29 19:25:06 2026*/ request(433, 1790720706.207, [peer(ip(10,1,0,55)),method(post),request_uri('/mis-inscripciones'),path('/mis-inscripciones'),http_version(1-1),host(localhost),port(8083)]).
completed(433, 0.000949, 17, 200, ok).
/*Tue Sep 29 19:25:22 2026*/ request(434, 1790720722.972, [peer(ip(10,1,0,55)),method(get),request_uri('/ranking'),path('/ranking'),http_version(1-1),host(localhost),port(8083)]).
completed(434, 0.001227, 978, 200, ok).
/*Tue Sep 29 19:25:32 2026*/ request(435, 1790720732.485, [peer(ip(10,1,0,55)),method(get),request_uri('/alumnos/155'),path('/alumnos/155'),http_version(1-1),host(localhost),port(8083)]).
completed(435, 0.001583, 190, 200, ok).
/*Tue Sep 29 19:25:54 2026*/ request(436, 1790720754.033, [peer(ip(10,1,0,55)),method(get),request_uri('/ranking'),path('/ranking'),http_version(1-1),host(localhost),port(8083)]).
completed(436, 0.002883, 947, 200, ok).
/*Tue Sep 29 19:26:23 2026*/ request(437, 1790720783.928, [peer(ip(10,1,0,55)),method(post),request_uri('/mis-inscripciones'),path('/mis-inscripciones'),http_version(1-1),host(localhost),port(8083)]).
completed(437, 0.001802, 17, 200, ok).
/*Tue Sep 29 19:26:29 2026*/ request(438, 1790720789.395, [peer(ip(10,1,0,55)),method(get),request_uri('/ranking'),path('/ranking'),http_version(1-1),host(localhost),port(8083)]).
completed(438, 0.002933, 949, 200, ok).
/*Tue Sep 29 19:37:01 2026*/ request(439, 1790721421.193, [peer(ip(10,1,0,5)),method(post),request_uri('/sesion'),path('/sesion'),http_version(1-1),host(localhost),port(8083)]).
completed(439, 0.042666, 98, 200, ok).
/*Tue Sep 29 19:37:31 2026*/ request(440, 1790721451.978, [peer(ip(10,1,0,5)),method(get),request_uri('/alumnos/105'),path('/alumnos/105'),http_version(1-1),host(localhost),port(8083)]).
completed(440, 0.002262, 247, 200, ok).
/*Tue Sep 29 19:37:51 2026*/ request(441, 1790721471.002, [peer(ip(10,1,0,5)),method(get),request_uri('/ranking'),path('/ranking'),http_version(1-1),host(localhost),port(8083)]).
completed(441, 0.001961, 988, 200, ok).
server(stopped, 1790723100).
